tSec,x,y,z,vx,vy,vz,Unnamed: 7
0,42014290.0,0.0,3681524.0,0.0,3066.0,0.0,
60,42013888.1590446,183959.417605983,3681488.78725397,-13.3946774507824,3065.97081244128,-1.1737561598487,
120,42012682.6437541,367915.324570474,3681383.14972668,-26.7891024938945,3065.88297879414,-2.34748902684277,
180,42010673.4768346,551864.202170738,3681207.0894784,-40.1830230719082,3065.73650065549,-3.5211765111464,
240,42007860.6961157,735802.531811872,3680960.60989477,-53.5761871358082,3065.53138068936,-4.69479652370105,
300,42004244.3545493,919726.795090823,3680643.71568675,-66.9683426492607,3065.26762262685,-5.86832697659975,
360,41999824.5202092,1103633.47386042,3680256.4128905,-80.3592375928817,3064.9452312661,-7.04174578346124,
420,41994601.2762896,1287519.05029338,3679798.70886735,-93.7486199685056,3064.56421247217,-8.21503085980424,
480,41988574.7211038,1471380.00694634,3679270.61230358,-107.136237803454,3064.12457317705,-9.3881601234216,
540,41981744.9680828,1655212.82682387,3678672.13321038,-120.521839154802,3063.62632137948,-10.5611114947545,
600,41974112.1457731,1839013.99344243,3678003.28292359,-133.905172113649,3063.06946614487,-11.7338628972667,
660,41965676.3978345,2022779.99089444,3677264.07410355,-147.285984809383,3062.45401760518,-12.9063922578184,
720,41956437.8830378,2206507.30391221,3676454.52073488,-160.66402541395,3061.77998695876,-14.0786775070407,
780,41946396.7752623,2390192.41793194,3675574.63812624,-174.039042146123,3061.0473864702,-15.2506965797095,
840,41935553.2634924,2573831.81915769,3674624.44291006,-187.410783275762,3060.25622947016,-16.4224274151195,
900,41923907.5518148,2757421.99462535,3673603.95304229,-200.778997128087,3059.40653035517,-17.5938479574584,
960,41911459.8594149,2940959.43226655,3672513.18780205,-214.143432087941,3058.49830458745,-18.7649361561806,
1020,41898210.4205732,3124440.62097263,3671352.16779132,-227.503836604055,3057.53156869464,-19.9356699663814,
1080,41884159.484661,3307862.05065855,3670120.91493463,-240.859959193315,3056.50634026963,-21.1060273491708,
1140,41869307.3161368,3491220.21232679,3668819.45247863,-254.211548445021,3055.42263797027,-22.2759862720471,
1200,41853654.1945411,3674511.59813124,3667447.8049917,-267.558353025158,3054.2804815191,-23.4455247092713,
1260,41837200.4144923,3857732.70144108,3666005.9983636,-280.900121680653,3053.07989170311,-24.61462064224,
1320,41819946.2856813,4040880.01690463,3664494.05980495,-294.23660324364,3051.82089037339,-25.7832520598599,
1380,41801892.1328666,4223950.0405132,3662912.0178468,-307.567546635721,3050.50350044485,-26.9513969589206,
1440,41783038.2958682,4406939.26966489,3661259.90234015,-320.892700872229,3049.12774589591,-28.119033344469,
1500,41763385.1295628,4589844.20322842,3659537.74445546,-334.211815066484,3047.69365176811,-29.2861392301819,
1560,41742933.0038769,4772661.34160687,3657745.57668208,-347.524638434056,3046.20124416579,-30.4526926387402,
1620,41721682.3037809,4955387.18680145,3655883.43282772,-360.830920297021,3044.65055025573,-31.6186716022016,
1680,41699633.4292827,5138018.24247527,3653951.34801789,-374.130410088222,3043.0415982667,-32.7840541623744,
1740,41676786.7954208,5320551.01401698,3651949.35869527,-387.422857355522,3041.37441748912,-33.9488183711902,
1800,41653142.8322573,5502982.00860451,3649877.50261913,-400.70801176606,3039.64903827461,-35.1129422910772,
1860,41628701.9848703,5685307.73526873,3647735.81886466,-413.985623110509,3037.86549203559,-36.2764039953333,
1920,41603464.713347,5867524.70495704,3645524.34782232,-427.255441307328,3036.02381124476,-37.4391815684987,
1980,41577431.4927755,6049629.43059701,3643243.13119715,-440.517216407012,3034.12402943471,-38.601253106729,
2040,41550602.8132365,6231618.42715995,3640892.21200806,-453.770698596347,3032.16618119742,-39.762596718168,
2100,41522979.1797957,6413488.21172447,3638471.6345871,-467.015638202659,3030.15030218373,-40.9231905233199,
2160,41494561.1124945,6595235.30353995,3635981.44457873,-480.251785698063,3028.07642910286,-42.083012655422,
2220,41465349.1463418,6776856.2240901,3633421.688939,-493.478891703712,3025.9445997219,-43.2420412608173,
2280,41435343.8313045,6958347.49715636,3630792.41593478,-506.696706994043,3023.75485286524,-44.4002544993265,
2340,41404545.7322983,7139705.64888133,3628093.67514295,-519.90498250102,3021.50722841401,-45.5576305446205,
2400,41372955.4291783,7320927.20783219,3625325.51744954,-533.103469318383,3019.20176730552,-46.7141475845921,
2460,41340573.5167288,7502008.70506401,3622487.99504887,-546.291918705887,3016.8385115327,-47.869783821728,
2520,41307400.6046537,7682946.67418308,3619581.16144265,-559.470082093544,3014.41750414344,-49.0245174734809,
2580,41273437.3175656,7863737.65141023,3616605.07143911,-572.637711085862,3011.93878924001,-50.1783267726409,
2640,41238684.2949757,8044378.17564402,3613559.78115203,-585.794557466086,3009.40241197843,-51.3311899677072,
2700,41203142.1912827,8224864.78852396,3610445.34799979,-598.940373200433,3006.8084185678,-52.4830853232593,
2760,41166811.6757617,8405194.0344937,3607261.83070442,-612.074910442326,3004.15685626966,-53.6339911203285,
2820,41129693.4325527,8585362.46086413,3604009.28929057,-625.197921536628,3001.44777339727,-54.7838856567691,
2880,41091788.1606495,8765366.61787648,3600687.78508453,-638.309159023878,2998.68121931496,-55.9327472476291,
2940,41053096.5738873,8945203.05876533,3597297.38071313,-651.408375644515,2995.85724443742,-57.0805542255212,
3000,41013619.4009308,9124868.33982165,3593838.14010273,-664.49532434311,2992.97590022891,-58.2272849409935,
3060,40973357.3852617,9304359.02045574,3590310.12847809,-677.569758272592,2990.03723920261,-59.3729177628999,
3120,40932311.2851663,9483671.66326013,3586713.41236131,-690.631430798475,2987.04131491979,-60.5174310787709,
3180,40890481.8737224,9662802.83407246,3583048.05957064,-703.680095503075,2983.98818198907,-61.660803295183,
3240,40847869.9387864,9841749.10203827,3579314.13921937,-716.71550618974,2980.87789606565,-62.8030128381298,
3300,40804476.2829796,10020507.0396738,3575511.72171463,-729.737416887061,2977.71051385046,-63.9440381533908,
3360,40760301.7236747,10199073.2229287,3571640.87875621,-742.745581853094,2974.48609308939,-65.083857706902,
3420,40715347.0929821,10377444.2312487,3567701.68333533,-755.739755579575,2971.20469257242,-66.2224499851247,
3480,40669613.2377355,10555616.6476383,3563694.20973337,-768.719692796132,2967.86637213279,-67.3597934954154,
3540,40623101.0194775,10733587.058723,3559618.53352068,-781.685148474494,2964.47119264613,-68.4958667663948,
3600,40575811.3144452,10911352.0548125,3555474.7315552,-794.635877832706,2961.01921602958,-69.6306483483164,
3660,40527745.0135548,11088908.2299624,3551262.88198123,-807.571636339331,2957.51050524091,-70.7641168134358,
3720,40478903.0223872,11266252.1820372,3546983.06422805,-820.492179717655,2953.94512427759,-71.896250756379,
3780,40429286.2611718,11443380.5127723,3542635.35900858,-833.397263949891,2950.32313817585,-73.027028794511,
3840,40378895.6647714,11620289.8278364,3538219.84831801,-846.286645281378,2946.64461300978,-74.1564295683036,
3900,40327732.182666,11796976.7368937,3533736.6154324,-859.16008022478,2942.90961589034,-75.2844317417039,
3960,40275796.7789367,11973437.8536664,3529185.74490727,-872.017325564279,2939.1182149644,-76.4110140025016,
4020,40223090.4322493,12149669.7959962,3524567.32257613,-884.858138359771,2935.27047941375,-77.5361550626968,
4080,40169614.1358378,12325669.1859072,3519881.43554904,-897.682275951054,2931.36647945409,-78.6598336588672,
4140,40115368.897487,12501432.6496668,3515128.17221113,-910.489495962016,2927.40628633403,-79.7820285525355,
4200,40060355.7395159,12676956.8178489,3510307.62222107,-923.279556304823,2923.38997233403,-80.902718530536,
4260,40004575.6987599,12852238.3253949,3505419.87650955,-936.052215184099,2919.31761076537,-82.0218824053813,
4320,39948029.8265533,13027273.8116756,3500465.02727773,-948.807231101108,2915.18927596907,-83.1394990156289,
4380,39890719.1887112,13202059.9205533,3495443.16799568,-961.544362857929,2911.00504331481,-84.2555472262473,
4440,39832644.8655116,13376593.3004434,3490354.39340076,-974.263369561636,2906.76498919986,-85.3700059289821,
4500,39773807.9516767,13550870.6043759,3485198.79949601,-986.964010628464,2902.46919104792,-86.4828540427213,
4560,39714209.5563546,13724888.4900567,3479976.48354851,-999.646045787982,2898.11772730804,-87.5940705138614,
4620,39653850.8030996,13898643.6199299,3474687.54408773,-1012.30923508726,2893.71067745345,-88.703634316672,
4680,39592732.8298542,14072132.6612381,3469332.08090384,-1024.95333889502,2889.2481219804,-89.8115244536612,
4740,39530856.7889284,14245352.2860848,3463910.195046,-1037.57811790583,2884.73014240699,-90.9177199559402,
4800,39468223.8469811,14418299.171495,3458421.98882064,-1050.18333314423,2880.15682127201,-92.0221998835876,
4860,39404835.1849996,14590969.9994767,3452867.5657897,-1062.76874596887,2875.52824213366,-93.1249433260138,
4920,39340691.9982794,14763361.4570819,3447247.03076886,-1075.33411807673,2870.84448956843,-94.2259294023248,
4980,39275795.4964042,14935470.2364676,3441560.48982578,-1087.87921150719,2866.10564916976,-95.3251372616859,
5040,39210146.9032246,15107293.0349571,3435808.05027823,-1100.40378864624,2861.31180754688,-96.4225460836848,
5100,39143747.4568379,15278826.5551005,3429989.8206923,-1112.90761223057,2856.46305232347,-97.5181350786951,
5160,39076598.4095665,15450067.5047359,3424105.91088051,-1125.39044535174,2851.55947213642,-98.6118834882389,
5220,39008701.0279362,15621012.5970499,3418156.43189998,-1137.85205146032,2846.60115663452,-99.7037705853491,
5280,38940056.5926554,15791658.5506383,3412141.49605044,-1150.29219436998,2841.58819647714,-100.793775674932,
5340,38870666.3985924,15962002.0895668,3406061.21687242,-1162.71063826169,2836.52068333289,-101.881878094129,
5400,38800531.7547536,16132039.9434314,3399915.70914518,-1175.10714768777,2831.39870987832,-102.968057212678,
5460,38729653.9842609,16301768.847419,3393705.08888487,-1187.48148757606,2826.22236979649,-104.052292433275,
5520,38658034.4243293,16471185.5423675,3387429.47334245,-1199.83342323401,2820.99175777566,-105.134563191936,
5580,38585674.4262439,16640286.7748264,3381088.98100171,-1212.16272035284,2815.70696950786,-106.214848958355,
5640,38512575.3553365,16809069.2971167,3374683.73157724,-1224.46914501159,2810.36810168747,-107.293129236267,
5700,38438738.5909625,16977529.8673911,3368213.84601239,-1236.75246368127,2804.97525200983,-108.369383563808,
5760,38364165.5264774,17145665.249694,3361679.44647716,-1249.01244322896,2799.52851916979,-109.443591513873,
5820,38288857.5692124,17313472.2140214,3355080.65636614,-1261.24885092189,2794.02800286026,-110.515732694475,
5880,38212816.1404507,17480947.536381,3348417.60029636,-1273.46145443155,2788.47380377069,-111.585786749107,
5940,38136042.675403,17648087.9988513,3341690.4041052,-1285.65002183779,2782.86602358567,-112.653733357099,
6000,38058538.6231827,17814890.3896422,3334899.19484816,-1297.8143216329,2777.20476498337,-113.719552233976,
6060,37980305.4467814,17981351.5031537,3328044.10079673,-1309.95412272567,2771.49013163401,-114.783223131816,
6120,37901344.6230433,18147468.1400359,3321125.25143617,-1322.06919444553,2765.72222819837,-115.84472583961,
6180,37821657.6426405,18313237.1072481,3314142.77746328,-1334.15930654657,2759.90116032624,-116.904040183613,
6240,37741246.0100468,18478655.2181184,3307096.81078416,-1346.22422921165,2754.0270346548,-117.961146027712,
6300,37660111.2435118,18643719.2924025,3299987.48451194,-1358.26373305643,2748.0999588071,-119.016023273769,
6360,37578254.8750356,18808426.1563432,3292814.93296449,-1370.27758913347,2742.12004139045,-120.06865186199,
6420,37495678.4503416,18972772.6427292,3285579.2916621,-1382.2655689363,2736.08739199477,-121.119011771271,
6480,37412383.5288503,19136755.5909538,3278280.69732518,-1394.22744440341,2730.00212119103,-122.167083019561,
6540,37328371.6836525,19300371.8470743,3270919.28787185,-1406.16298792237,2723.86434052952,-123.21284566421,
6600,37243644.5014821,19463618.2638701,3263495.20241563,-1418.07197233386,2717.67416253829,-124.256279802331,
6660,37158203.5826889,19626491.7009017,3256008.58126299,-1429.95417093568,2711.43170072139,-125.297365571148,
6720,37072050.5412111,19788989.0245691,3248459.56591095,-1441.80935748683,2705.13706955724,-126.336083148354,
6780,36985187.0045473,19951107.10817,3240848.29904468,-1453.63730621152,2698.79038449687,-127.372412752463,
6840,36897614.6137287,20112842.8319586,3233174.92453495,-1465.43779180321,2692.39176196226,-128.406334643163,
6900,36809335.0232906,20274193.0832032,3225439.58743577,-1477.21058942861,2685.94131934456,-129.437829121669,
6960,36720349.901244,20435154.7562448,3217642.43398176,-1488.95547473176,2679.43917500233,-130.466876531076,
7020,36630660.929047,20595724.7525548,3209783.61158574,-1500.67222383796,2672.8854482598,-131.49345725671,
7080,36540269.8015755,20755899.9807931,3201863.26883611,-1512.36061335784,2666.28025940508,-132.517551726478,
7140,36449178.2270942,20915677.3568656,3193881.5554943,-1524.02042039138,2659.62372968834,-133.539140411224,
7200,36357387.9272268,21075053.803982,3185838.62249221,-1535.65142253183,2652.91598132001,-134.558203825074,
7260,36264900.6369267,21234026.2527137,3177734.62192958,-1547.25339786979,2646.15713746895,-135.574722525789,
7320,36171718.1044469,21392591.6410505,3169569.70707137,-1558.82612499715,2639.3473222606,-136.588677115115,
7380,36077842.0913097,21550746.9144588,3161344.0323451,-1570.36938301111,2632.4866607751,-137.600048239131,
7440,35983274.3722761,21708489.025938,3153057.75333819,-1581.88295151813,2625.57527904543,-138.608816588598,
7500,35888016.7353156,21865814.9360784,3144711.02679527,-1593.36661063791,2618.61330405551,-139.614962899309,
7560,35792070.9815749,22022721.6131175,3136304.01061546,-1604.82014100738,2611.60086373829,-140.618467952435,
7620,35695438.9253469,22179206.0329974,3127836.86384963,-1616.24332378466,2604.53808697382,-141.619312574874,
7680,35598122.3940393,22335265.1794213,3119309.74669766,-1627.635940653,2597.4251035873,-142.617477639596,
7740,35500123.2281428,22490896.0439102,3110722.82050567,-1638.99777382474,2590.26204434716,-143.612944065992,
7800,35401443.2811997,22646095.6258594,3102076.24776321,-1650.32860604528,2583.04904096302,-144.605692820218,
7860,35302084.4197711,22800860.9325952,3093370.19210046,-1661.628220597,2575.78622608376,-145.595704915543,
7920,35202048.5234053,22955188.9794307,3084604.81828534,-1672.89640130321,2568.47373329548,-146.58296141269,
7980,35101337.4846046,23109076.7897223,3075780.29222076,-1684.13293253208,2561.11169711951,-147.567443420185,
8040,34999953.208793,23262521.3949257,3066896.78094161,-1695.33759920055,2553.70025301032,-148.549132094699,
8100,34897897.6142828,23415519.834652,3057954.45261198,-1706.51018677829,2546.23953735354,-149.528008641391,
8160,34795172.6322413,23568069.1567229,3048953.47652216,-1717.65048129156,2538.72968746382,-150.504054314254,
8220,34691780.2066577,23720166.4172272,3039894.02308572,-1728.75826932718,2531.17084158279,-151.477250416452,
8280,34587722.294309,23871808.6805757,3030776.26383657,-1739.83333803638,2523.56313887694,-152.447578300669,
8340,34483000.8647259,24022993.0195571,3021600.37142598,-1750.87547513874,2515.90671943552,-153.415019369445,
8400,34377617.900159,24173716.5153928,3012366.51961953,-1761.88446892604,2508.20172426839,-154.37955507552,
8460,34271575.3955441,24323976.2577927,3003074.88329414,-1772.86010826618,2500.44829530388,-155.341166922174,
8520,34164875.3584674,24473769.3450096,2993725.63843501,-1783.80218260706,2492.64657538664,-156.299836463566,
8580,34057519.8091309,24623092.8838946,2984318.96213254,-1794.71048198041,2484.79670827542,-157.255545305073,
8640,33949510.7803171,24771943.9899516,2974855.03257929,-1805.5847970057,2476.89883864092,-158.208275103631,
8700,33840850.3173534,24920319.7873921,2965334.02906683,-1816.424918894,2468.95311206357,-159.158007568073,
8760,33731540.4780768,25068217.4091895,2955756.13198262,-1827.2306394518,2460.95967503127,-160.104724459464,
8820,33621583.3327981,25215633.997134,2946121.52280692,-1838.0017510849,2452.91867493719,-161.048407591441,
8880,33510980.9642654,25362566.7018861,2936430.38410954,-1848.73804680221,2444.83026007747,-161.98903883055,
8940,33399735.4676282,25509012.6830313,2926682.89954675,-1859.43932021964,2436.69457964899,-162.926600096578,
9000,33287848.9504009,25654969.1091339,2916879.25385798,-1870.10536556385,2428.51178374705,-163.861073362894,
9060,33175323.5324256,25800433.1577907,2907019.63286268,-1880.73597767615,2420.28202336306,-164.79244065678,
9120,33062161.3458356,25945402.0156849,2897104.22345702,-1891.33095201627,2412.00545038224,-165.720684059765,
9180,32948364.5350179,26089872.8786396,2887133.21361064,-1901.89008466619,2403.68221758127,-166.645785707962,
9240,32833935.2565757,26233842.951671,2877106.79236338,-1912.41317233391,2395.31247862593,-167.5677277924,
9300,32718875.6792911,26377309.4490421,2867025.14982194,-1922.9000123573,2386.89638806874,-168.486492559354,
9360,32603187.9840867,26520269.5943154,2856888.47715661,-1933.35040270782,2378.43410134658,-169.402062310679,
9420,32486874.3639879,26662720.6204062,2846696.96659786,-1943.76414199435,2369.92577477828,-170.314419404142,
9480,32369937.0240841,26804659.7696352,2836450.81143302,-1954.14102946697,2361.37156556219,-171.223546253751,
9540,32252378.1814907,26946084.2937816,2826150.20600291,-1964.48086502067,2352.77163177377,-172.129425330085,
9600,32134200.0653096,27086991.454135,2815795.34569837,-1974.78344919917,2344.12613236315,-173.032039160626,
9660,32015404.9165908,27227378.5215486,2805386.42695689,-1985.04858319864,2335.43522715261,-173.931370330084,
9720,31895994.9882927,27367242.7764906,2794923.64725917,-1995.27606887146,2326.69907683417,-174.827401480727,
9780,31775972.5452429,27506581.5090971,2784407.20512562,-2005.46570872993,2317.91784296705,-175.720115312711,
9840,31655339.8640983,27645392.0192236,2773837.30011289,-2015.61730595005,2309.09168797516,-176.609494584401,
9900,31534099.2333053,27783671.6164968,2763214.1328104,-2025.7306643752,2300.22077514461,-177.495522112704,
9960,31412252.9530594,27921417.6203665,2752537.90483676,-2035.80558851987,2291.30526862111,-178.378180773387,
10020,31289803.3352652,28058627.360157,2741808.81883628,-2045.84188357336,2282.34533340745,-179.257453501409,
10080,31166752.7034955,28195298.1751182,2731027.07847539,-2055.83935540349,2273.34113536091,-180.133323291241,
10140,31043103.3929507,28331427.4144772,2720192.88843905,-2065.79781056031,2264.29284119068,-181.00577319719,
10200,30918857.7504175,28467012.4374892,2709306.45442716,-2075.71705627974,2255.20061845523,-181.874786333724,
10260,30794018.1342278,28602050.6134881,2698367.98315094,-2085.59690048726,2246.06463555971,-182.740345875791,
10320,30668586.9142173,28736539.3219376,2687377.68232928,-2095.43715180164,2236.88506175333,-183.602435059142,
10380,30542566.4716836,28870475.9524815,2676335.76068512,-2105.23761953848,2227.66206712663,-184.461037180651,
10440,30415959.1993444,29003857.9049944,2665242.42794171,-2114.99811371399,2218.39582260891,-185.316135598637,
10500,30288767.5012952,29136682.5896315,2654097.89481899,-2124.71844504855,2209.08649996546,-186.167713733182,
10560,30160993.7929673,29268947.4268792,2642902.3730298,-2134.39842497038,2199.7342717949,-187.015755066447,
10620,30032640.5010847,29400649.8476044,2631656.07527619,-2144.03786561915,2190.33931152647,-187.860243142995,
10680,29903710.0636219,29531787.293105,2620359.21524567,-2153.63657984963,2180.90179341726,-188.701161570103,
10740,29774204.9297602,29662357.2151588,2609012.00760741,-2163.19438123527,2171.4218925495,-189.538494018083,
10800,29644127.5598451,29792357.0760733,2597614.66800845,-2172.71108407181,2161.89978482778,-190.372224220593,
10860,29513480.4253426,29921784.348735,2586167.41306994,-2182.18650338089,2152.33564697626,-191.202335974956,
10920,29382266.0087954,30050636.5166581,2574670.46038324,-2191.62045491363,2142.72965653587,-192.028813142472,
10980,29250486.8037793,30178911.0740341,2563124.02850611,-2201.01275515418,2133.08199186154,-192.851639648732,
11040,29118145.3148588,30306605.5257796,2551528.33695885,-2210.36322132334,2123.39283211931,-193.670799483928,
11100,28985244.0575432,30433717.387586,2539883.6062204,-2219.67167138208,2113.66235728355,-194.48627670317,
11160,28851785.5582416,30560244.1859668,2528190.05772443,-2228.93792403508,2103.89074813404,-195.298055426793,
11220,28717772.3542185,30686183.4583069,2516447.91385543,-2238.16179873433,2094.07818625314,-196.106119840667,
11280,28583206.993549,30811532.7529097,2504657.39794475,-2247.34311568259,2084.2248540229,-196.910454196511,
11340,28448092.035073,30936289.6290457,2492818.73426669,-2256.48169583697,2074.33093462211,-197.711042812195,
11400,28312430.0483506,31060451.6569999,2480932.14803445,-2265.57736091243,2064.39661202342,-198.507870072055,
11460,28176223.6136161,31184016.4181193,2468997.86539618,-2274.62993338527,2054.42207099038,-199.300920427193,
11520,28039475.3217321,31306981.5048605,2457016.11343096,-2283.63923649664,2044.40749707452,-200.090178395788,
11580,27902187.774144,31429344.5208368,2444987.12014475,-2292.60509425601,2034.35307661233,-200.875628563401,
11640,27764363.5828333,31551103.0808649,2432911.11446636,-2301.52733144468,2024.25899672231,-201.657255583277,
11700,27626005.3702715,31672254.8110123,2420788.32624334,-2310.40577361921,2014.12544530197,-202.435044176652,
11760,27487115.7693731,31792797.3486435,2408618.98623794,-2319.24024711492,2003.9526110248,-203.208979133054,
11820,27347697.4234494,31912728.3424666,2396403.32612299,-2328.03057904929,1993.74068333725,-203.979045310603,
11880,27207752.9861609,32032045.4525796,2384141.57847775,-2336.77659732544,1983.48985245566,-204.745227636319,
11940,27067285.1214702,32150746.3505165,2371833.97678379,-2345.47813063555,1973.20030936324,-205.507511106413,
12000,26926296.5035948,32268828.7192934,2359480.75542083,-2354.13500846425,1962.87224580695,-206.265880786595,
12060,26784789.8169591,32386290.2534538,2347082.14966254,-2362.74706109207,1952.50585429444,-207.020321812368,
12120,26642767.7561467,32503128.6591144,2334638.39567237,-2371.31411959883,1942.1013280909,-207.770819389326,
12180,26500233.0258525,32619341.6540107,2322149.73049932,-2379.83601586701,1931.65886121598,-208.517358793453,
12240,26357188.3408342,32734926.9675418,2309616.39207372,-2388.31258258513,1921.17864844062,-209.259925371417,
12300,26213636.4258639,32849882.3408155,2297038.61920297,-2396.74365325116,1910.6608852839,-209.998504540865,
12360,26069580.0156794,32964205.526693,2284416.65156726,-2405.12906217582,1900.10576800988,-210.733081790718,
12420,25925021.8549356,33077894.289834,2271750.72971531,-2413.46864448599,1889.5134936244,-211.463642681466,
12480,25779964.698155,33190946.4067402,2259041.09506006,-2421.76223612799,1878.88425987188,-212.190172845455,
12540,25634411.3096788,33303359.6658003,2246287.98987435,-2430.00967387095,1868.21826523211,-212.912657987184,
12600,25488364.4636172,33415131.867334,2233491.65728656,-2438.2107953101,1857.51570891701,-213.631083883594,
12660,25341826.9437997,33526260.8236352,2220652.34127628,-2446.3654388701,1846.77679086737,-214.345436384354,
12720,25194801.5437257,33636744.3590162,2207770.28666994,-2454.47344380831,1836.00171174961,-215.055701412157,
12780,25047291.0665139,33746580.3098511,2194845.73913641,-2462.53465021811,1825.19067295249,-215.761864962998,
12840,24899298.3248521,33855766.5246186,2181878.94518258,-2470.54889903213,1814.34387658381,-216.463913106469,
12900,24750826.140947,33964300.8639457,2168870.15214896,-2478.51603202555,1803.4615254671,-217.161831986041,
12960,24601877.3464735,34072181.20065,2155819.60820523,-2486.43589181934,1792.54382313831,-217.85560781935,
13020,24452454.782541,34179405.4198065,2142787.56215468,-2494.30832102511,1781.59097503882,-217.545236453123,
13080,24302561.299693,34285971.4188615,2129714.26285639,-2502.13316313435,1770.60318730654,-218.23071381253,
13140,24152199.757803,34391877.1076029,2116599.95979377,-2509.91026336609,1759.58066558037,-218.912026344678,
13200,24001373.0260056,34497120.4081776,2103444.90326118,-2517.63946779781,1748.52361619764,-219.58916057159,
13260,23850083.9826451,34601699.2551337,2090249.34435939,-2525.32062336867,1737.43224619075,-220.26210309048,
13320,23698335.5152231,34705611.595462,2077013.53499108,-2532.95357788267,1726.30676328374,-220.930840574037,
13380,23546130.5203474,34808855.3886375,2063737.7278563,-2540.53818001181,1715.14737588885,-221.595359770697,
13440,23393471.9036791,34911428.6066604,2050422.1764479,-2548.07427929927,1703.95429310308,-222.25564750492,
13500,23240362.5798806,35013329.2340972,2037067.13504699,-2555.56172616252,1692.72772470474,-222.91169067747,
13560,23086805.4725628,35114555.2681214,2023672.85871834,-2563.00037189652,1681.46788114996,-223.563476265682,
13620,22932803.5142327,35215104.7185542,2010239.60330577,-2570.39006867674,1670.17497356922,-224.210991323739,
13680,22778359.6462401,35314975.6079048,1996767.62542752,-2577.73066956236,1658.84921376383,-224.854222982946,
13740,22623476.8187247,35414165.9714103,1983257.18247167,-2585.02202849934,1647.4908142024,-225.493158451995,
13800,22468157.990563,35512673.8570762,1969708.53259141,-2592.26400032348,1636.09998801734,-226.127785017242,
13860,22312406.1293142,35610497.3257154,1956121.93470044,-2599.4564407635,1624.67694900126,-226.758090042969,
13920,22156224.2111672,35707634.4509883,1942497.64846825,-2606.59920644415,1613.22191160347,-227.384060971659,
13980,21999615.2208862,35804083.3194418,1928835.93431541,-2613.69215488919,1601.73509092632,-228.005685324257,
14040,21842582.1517573,35899842.0305484,1915137.05340892,-2620.73514452448,1590.21670272169,-228.622950700437,
14100,21685128.0055335,35994908.6967454,1901401.26765737,-2627.72803468096,1578.66696338731,-229.235844778869,
14160,21527255.792381,36089281.4434727,1887628.8397063,-2634.6706855977,1567.08608996317,-229.844355317481,
14220,21368968.5308241,36182958.4092123,1873820.03293337,-2641.56295842489,1555.47430012787,-230.44847015372,
14280,21210269.2476911,36275937.7455257,1859975.11144361,-2648.40471522679,1543.83181219499,-231.048177204814,
14340,21051160.9780584,36368217.6170922,1846094.34006461,-2655.19581898476,1532.15884510938,-231.643464468036,
14400,20891646.7651964,36459796.2017468,1832177.9843417,-2661.93613360019,1520.45561844351,-232.234320020957,
14460,20731729.6605134,36550671.6905173,1818226.31053319,-2668.62552389744,1508.72235239373,-232.820732021708,
14520,20571412.7235007,36640842.2876623,1804239.58560542,-2675.2638556268,1496.95926777662,-233.402688709235,
14580,20410699.0216766,36730306.2107074,1790218.077228,-2681.85099546738,1485.16658602522,-233.980178403555,
14640,20249591.6305308,36819061.6904831,1776162.05376888,-2688.38681103006,1473.34452918527,-234.553189506013,
14700,20088093.6334682,36907106.9711606,1762071.78428951,-2694.87117086034,1461.4933199115,-235.12171049953,
14760,19926208.1217531,36994440.3102886,1747947.53853988,-2701.30394444127,1449.61318146382,-235.685729948861,
14820,19763938.1944524,37081059.9788296,1733789.58695365,-2707.68500219628,1437.70433770357,-236.245236500842,
14880,19601286.9583794,37166964.2611956,1719598.2006432,-2714.01421549205,1425.76701308968,-236.800218884643,
14940,19438257.5280369,37252151.455284,1705373.65139467,-2720.29145664135,1413.80143267486,-237.350665912012,
15000,19274853.0255608,37336619.872513,1691116.21166305,-2726.51659890588,1401.80782210182,-237.896566477529,
15060,19111076.5806623,37420367.8378572,1676826.15456711,-2732.68951649905,1389.78640759935,-238.437909558846,
15120,18946931.3305716,37503393.6898822,1662503.75388451,-2738.81008458885,1377.73741597852,-238.974684216937,
15180,18782420.4199798,37585695.7807797,1648149.28404671,-2744.87817930055,1365.66107462878,-239.506879596338,
15240,18617547.000982,37667272.476402,1633763.02013401,-2750.89367771953,1353.55761151408,-240.034484925392,
15300,18452314.233019,37748122.1562964,1619345.23787048,-2756.85645789405,1341.42725516896,-240.557489516492,
15360,18286725.28282,37828243.2137393,1604896.21361891,-2762.76639883793,1329.27023469465,-241.075882766316,
15420,18120783.3243441,37907634.05577,1590416.22437578,-2768.62338053334,1317.08677975512,-241.589654156071,
15480,17954491.5387225,37986293.1032247,1575905.54776612,-2774.42728393351,1304.87712057316,-242.098793251729,
15540,17787853.1142001,38064218.7907691,1561364.46203849,-2780.17799096541,1292.64148792639,-242.603289704261,
15600,17620871.2460766,38141409.5669327,1546793.24605981,-2785.87538453245,1280.38011314333,-243.103133249878,
15660,17453549.1366485,38217863.8941408,1532192.17931026,-2791.51934851714,1268.09322809935,-243.59831371026,
15720,17285889.9951496,38293580.2487474,1517561.54187819,-2797.10976778378,1255.78106521273,-244.088820992789,
15780,17117897.0376925,38368557.1210682,1502901.61445488,-2802.64652818109,1243.44385744064,-244.574645090783,
15840,16949573.4872092,38442793.0154121,1488212.67832945,-2808.12951654481,1231.08183827505,-245.055776083725,
15900,16780922.5733919,38516286.4501135,1473495.01538367,-2813.55862070036,1218.69524173877,-245.532204137492,
15960,16611947.5326336,38589035.957564,1458748.90808675,-2818.93372946542,1206.28430238132,-246.00391950458,
16020,16442651.6079683,38661040.0842439,1443974.63949013,-2824.2547326525,1193.84925527492,-246.470912524335,
16080,16273038.0490113,38732297.3907535,1429172.4932223,-2829.52152107156,1181.39033601037,-246.933173623173,
16140,16103110.1118995,38802806.4518438,1414342.75348355,-2834.73398653248,1168.90778069295,-247.390693314807,
16200,15932871.059231,38872565.8564476,1399485.7050407,-2839.8920218477,1156.40182593834,-247.843462200468,
16260,15762324.1600051,38941574.2077097,1384601.63322189,-2844.99552083466,1143.87270886845,-248.291470969128,
16320,15591472.6895616,39009830.1230176,1369690.82391127,-2850.04437831837,1131.32066710731,-248.734710397713,
16380,15420319.9295209,39077332.2340309,1354753.56354372,-2855.03849013384,1118.74593877693,-249.17317135133,
16440,15248869.1677226,39144079.1867114,1339790.1390996,-2859.97775312865,1106.14876249309,-249.606844783479,
16500,15077123.6981653,39210069.6413528,1324800.83809935,-2864.8620651653,1093.5293773612,-250.035721736268,
16560,14905086.8209451,39275302.2726093,1309785.94859827,-2869.69132512375,1080.88802297208,-250.459793340629,
16620,14732761.8421947,39339775.7695254,1294745.75918111,-2874.46543290381,1068.22493939778,-250.87905081653,
16680,14560152.0740224,39403488.835564,1279680.55895673,-2879.18428942755,1055.54036718734,-251.293485473187,
16740,14387260.8344503,39466440.1886353,1264590.6375528,-2883.84779664173,1042.83454736255,-251.703088709274,
16800,14214091.4473528,39528628.5611247,1249476.28511033,-2888.45585752015,1030.10772141372,-252.10785201313,
16860,14040647.2423952,39590052.6999212,1234337.79227836,-2893.00837606602,1017.36013129543,-252.507766962968,
16920,13866931.5549715,39650711.3664448,1219175.45020854,-2897.50525731435,1004.59201942222,-252.90282522708,
16980,13692947.7261427,39710603.3366739,1203989.55054971,-2901.94640733422,991.803628664335,-253.29301856404,
17040,13518699.1025746,39769727.4011729,1188780.38544248,-2906.33173323117,978.995202343417,-253.678338822911,
17100,13344189.0364753,39828082.3651189,1173548.24751379,-2910.66114314944,966.166984228188,-254.058777943442,
17160,13169420.8855332,39885667.0483284,1158293.42987148,-2914.9345462743,953.31921853013,-254.434327956269,
17220,12994398.0128543,39942480.2852836,1143016.22609882,-2919.15185283429,940.452149899144,-254.804980983118,
17280,12819123.7868996,39998520.925159,1127716.93024903,-2923.31297410348,927.566023419199,-255.170729236996,
17340,12643601.581422,40053787.8318469,1112395.83683981,-2927.41782240373,914.66108460397,-255.531565022388,
17400,12467834.7754038,40108279.8839833,1097053.24084785,-2931.46631110687,901.737579392456,-255.887480735455,
17460,12291826.7529933,40161995.974973,1081689.4377033,-2935.45835463691,888.795754144597,-256.238468864223,
17520,12115580.903442,40214935.0130152,1066304.72328429,-2939.39386847225,875.835855636868,-256.584521988776,
17580,11939100.6210406,40267095.9211278,1050899.39391135,-2943.27276914783,862.858131057863,-256.925632781445,
17640,11762389.3050563,40318477.6371723,1035473.74634192,-2947.09497425728,849.862828003872,-257.261794006997,
17700,11585450.3596686,40369079.1138784,1020028.07776477,-2950.86040245506,836.850194474436,-257.59299852282,
17760,11408287.1939062,40418899.3188675,1004562.68579443,-2954.56897345856,823.820478867898,-257.91923927911,
17820,11230903.2215826,40467937.2346766,989077.868465664,-2958.22060805021,810.773929976937,-258.240509319054,
17880,11053301.8612322,40516191.8587824,973573.92422781,-2961.81522807959,797.710796984091,-258.556801779013,
17940,10875486.5360466,40563662.2036238,958051.15193925,-2965.35275646542,784.631329457266,-258.868109888701,
18000,10697460.6738101,40610347.2966253,942509.850861769,-2968.83311719769,771.535777345238,-259.174426971367,
18060,10519227.7068354,40656246.1802198,926950.32065495,-2972.25623533964,758.424390973135,-259.475746443969,
18120,10340791.0718991,40701357.9118706,911372.86137054,-2975.62203702976,745.297421037915,-259.772061817351,
18180,10162154.2101773,40745681.5640941,895777.773446817,-2978.93044948382,732.155118603825,-260.063366696422,
18240,9983320.56718059,40789216.2244813,880165.357702936,-2982.18140099684,718.997735097852,-260.34965478032,
18300,9804293.59268966,40831960.9957198,864535.915333274,-2985.37482094501,705.825522305161,-260.630919862592,
18360,9625076.74069002,40873914.9956148,848889.747901758,-2988.51063978766,692.638732364523,-260.907155831359,
18420,9445673.46930709,40915077.3571101,833227.157336187,-2991.58878906918,679.437617763724,-261.178356669485,
18480,9266087.24074104,40955447.2283096,817548.445922541,-2994.60920142091,666.222431334977,-261.444516454745,
18540,9086321.5212015,40995023.772497,801853.916299281,-2997.57181056303,652.993426250302,-261.705629359986,
18600,8906379.78084218,41033806.1681565,786143.871451644,-3000.47655130643,639.750856016916,-261.961689653297,
18660,8726265.49369536,41071793.6089926,770418.614705918,-3003.32335955454,626.494974472592,-262.212691698164,
18720,8545982.13760631,41108985.30395,754678.449723717,-3006.11217230518,613.226035781022,-262.458629953634,
18780,8365533.19416754,41145380.4772329,738923.680496239,-3008.84292765236,599.944294427158,-262.699498974472,
18840,8184922.14865299,41180978.3683239,723154.611338524,-3011.51556478806,586.650005212545,-262.935293411318,
18900,8004152.4899521,41215778.2320032,707371.546883691,-3014.13002400402,573.343423250649,-263.166008010843,
18960,7823227.71050377,41249779.3383672,691574.792077176,-3016.68624669349,560.024803962162,-263.391637615901,
19020,7642151.30623022,41282980.9728464,675764.652170953,-3019.18417535294,546.694403070304,-263.612177165684,
19080,7460926.77647073,41315382.4362238,659941.432717751,-3021.62375358382,533.352476596113,-263.827621695867,
19140,7279557.62391531,41346983.0446524,644105.439565259,-3024.00492609421,519.999280853722,-264.037966338762,
19200,7098047.35453825,41377782.1296727,628256.978850328,-3026.32763870053,506.635072445627,-264.24320632346,
19260,6916399.47753154,41407779.0382301,612396.356993152,-3028.59183832919,493.26010825794,-264.443336975982,
19320,6734617.50523828,41436973.1326912,596523.880691456,-3030.7974730182,479.874645455638,-264.638353719416,
19380,6552704.95308587,41465363.7908611,580639.856914663,-3032.94449191885,466.478941477797,-264.828252074062,
19440,6370665.33951921,41492950.405999,564744.592898056,-3035.03284529722,453.073254032812,-265.013027657575,
19500,6188502.18593374,41519732.3868349,548838.396136939,-3037.06248453585,439.657841093616,-265.192676185097,
19560,6006219.01660844,41545709.1575849,532921.574380775,-3039.03336213526,426.232960892879,-265.367193469397,
19620,5823819.35863865,41570880.1579664,516994.43562733,-3040.94543171546,412.798871918202,-265.53657542101,
19680,5641306.74186889,41595244.8432142,501057.288116804,-3042.79864801754,399.355832907299,-265.70081804836,
19740,5458684.69882558,41618802.6840941,485110.440325949,-3044.5929669051,385.904102843168,-265.859917457903,
19800,5275956.76464957,41641553.1669186,469154.200962185,-3046.32834536577,372.443940949253,-266.013869854247,
19860,5093126.47702871,41663495.7935604,453188.878957711,-3048.00474151267,358.975606684596,-266.162671540288,
19920,4910197.37613028,41684630.081467,437214.783463596,-3049.62211458585,345.499359738978,-266.306318917329,
19980,4727173.00453327,41704955.5636737,421232.22384388,-3051.18042495367,332.01546002805,-266.44480848521,
20040,4544056.90716073,41724471.7888176,405241.50966965,-3052.67963411427,318.524167688454,-266.578136842428,
20100,4360852.63121188,41743178.3211506,389242.950713122,-3054.11970469688,305.025743072937,-266.706300686258,
20160,4177563.72609419,41761074.740552,373236.85694171,-3055.50060046323,291.520446745452,-266.829296812872,
20220,3994193.74335546,41778160.6425411,357223.538512084,-3056.82228630887,278.008539476249,-266.947122117459,
20280,3810746.23661568,41794435.6382896,341203.305764235,-3058.08472826448,264.490282236959,-267.059773594336,
20340,3627224.76149894,41809899.3546334,325176.469215513,-3059.28789349717,250.965936195668,-267.167248337065,
20400,3443632.87556515,41824551.4340841,309143.339554678,-3060.43175031176,237.435762711977,-267.269543538564,
20460,3259974.13824177,41838391.5348408,293104.227635929,-3061.51626815205,223.900023332063,-267.366656491216,
20520,3076252.11075547,41851419.3308005,277059.444472936,-3062.54141760202,210.358979783719,-267.45858458698,
20580,2892470.35606359,41863634.5115694,261009.301232863,-3063.5071703871,196.812893971393,-267.545325317494,
20640,2708632.43878572,41875036.7824732,244954.10923038,-3064.41349937529,183.262027971213,-267.626876274184,
20700,2524741.92513502,41885625.864567,228894.179921678,-3065.26037857838,169.706644026005,-267.70323514836,
20760,2340802.38284964,41895401.4946454,212829.824898468,-3066.0477831531,156.147004540306,-267.774399731324,
20820,2156817.38112393,41904363.4252521,196761.355881982,-3066.77568940224,142.58337207536,-267.840367914465,
20880,1972790.49053965,41912511.424689,180689.084716964,-3067.44407477575,129.016009344112,-267.901137689357,
20940,1788725.28299715,41919845.2770252,164613.323365654,-3068.05291787183,115.445179206188,-267.956707147856,
21000,1604625.3316464,41926364.7821056,148534.383901771,-3068.60219843801,101.871144662876,-268.00707448219,
21060,1420494.210818,41932069.7555593,132452.578504487,-3069.09189737218,88.2941688520823,-268.052237985054,
21120,1236335.49595416,41936960.0288078,116368.219452396,-3069.52199672362,74.7145150432988,-268.092196049698,
21180,1052152.76353956,41941035.4490724,100281.619117478,-3069.89247969397,61.1324466325458,-268.126947170013,
21240,867949.591032173,41944295.8793819,84193.0899590561,-3070.20333063827,47.5482271373158,-268.156489940623,
21300,683729.556794068,41946741.1985798,68102.9445177555,-3070.45453506587,33.9621201915057,-268.180823056961,
21360,499496.240022082,41948371.3013307,52011.4954094469,-3070.64607964136,20.3743895403422,-268.199945315358,
21420,315253.220678503,41949186.0981275,35919.0553191926,-3070.77795218551,6.78529903529854,-268.213855613118,
21480,131004.079421662,41949185.5152969,19825.9369951857,-3070.85014167617,-6.80488737099602,-268.2225529486,
21540,-53247.6024635104,41948369.4950058,3732.45324268394,-3070.86263824909,-20.3959056298549,-268.226036421292,
21600,-237498.243134992,41946737.995267,-12361.0830820598,-3070.81543319882,-33.9874916016402,-268.224305231886,
21660,-421744.260263214,41944290.9899438,-28454.3590778722,-3070.70851897949,-47.5793810608764,-268.217358682352,
21720,-605982.071100666,41941028.468756,-44547.0618047382,-3070.54188920565,-61.1713097013716,-268.205196176005,
21780,-790208.092551542,41936950.4372836,-60638.8782898836,-3070.31553865303,-74.763013141346,-268.187817217578,
21840,-974418.741241433,41932056.916972,-76729.4955338625,-3070.02946325931,-88.3542269285674,-268.165221413286,
21900,-1158610.43358707,41926347.9451356,-92818.600516648,-3069.68366012482,-101.944686545495,-268.137408470888,
21960,-1342779.58586609,41919823.5749615,-108905.880203727,-3069.27812751331,-115.534127414427,-268.104378199758,
22020,-1526922.6142869,41912483.8755134,-124991.021552197,-3068.81286485261,-129.122284902661,-268.066130510934,
22080,-1711035.9350585,41904328.9317344,-141073.711516873,-3068.28787273526,-142.708894327656,-268.022665417189,
22140,-1895115.96446039,41895358.8444499,-157153.637056385,-3067.70315291925,-156.293690962201,-267.973983033079,
22200,-2079159.11891254,41885573.7303701,-173230.485139295,-3067.05870832853,-169.876410039597,-267.920083574999,
22260,-2263161.81504535,41874973.7220923,-189303.942750203,-3066.35454305369,-183.456786758836,-267.860967361241,
22320,-2447120.46976967,41863558.9681028,-205373.696895867,-3065.59066235251,-197.034556289795,-267.796634812038,
22380,-2631031.50034685,41851329.6327783,-221439.434611315,-3064.76707265052,-210.60945377843,-267.727086449619,
22440,-2814891.32445882,41838285.8963876,-237500.842965974,-3063.88378154149,-224.18121435198,-267.652322898249,
22500,-2998696.36027816,41824427.9550921,-253557.609069785,-3062.94079778801,-237.749573124175,-267.572344884281,
22560,-3182443.02653834,41809756.0209467,-269609.420079337,-3061.9381313219,-251.314265200455,-267.487153236191,
22620,-3366127.74260379,41794270.3219,-285655.96320399,-3060.87579324474,-264.875025683186,-267.396748884627,
22680,-3549746.92854015,41777971.1017945,-301696.925712012,-3059.75379582824,-278.431589676889,-267.30113286244,
22740,-3733297.00518446,41760858.6203663,-317731.994936705,-3058.5721525147,-291.983692293474,-267.200306304726,
22800,-3916774.39421545,41742933.1532443,-333760.858282547,-3057.33087791739,-305.531068657476,-267.094270448857,
22860,-4100175.51822378,41724194.9919496,-349783.20323133,-3056.0299878209,-319.073453911301,-266.983026634518,
22920,-4283496.80078232,41704644.4438939,-365798.717348292,-3054.66949918153,-332.610583220474,-266.86657630373,
22980,-4466734.66651649,41684281.8323782,-381807.088288268,-3053.24943012754,-346.142191778892,-266.744921000887,
23040,-4649885.54117456,41663107.4965909,-397808.003801825,-3051.76979995951,-359.668014814089,-266.618062372777,
23100,-4832945.85169803,41641121.7916056,-413801.151741412,-3050.23062915058,-373.187787592495,-266.486002168606,
23160,-5015912.02629195,41618325.0883787,-429786.220067501,-3048.63193934669,-386.701245424708,-266.348742240025,
23220,-5198780.49449533,41594717.7737464,-445762.89685474,-3046.97375336686,-400.208123670772,-266.206284541144,
23280,-5381547.68725152,41570300.2504217,-461730.870298096,-3045.25609520331,-413.70815774545,-266.058631128555,
23340,-5564210.03697859,41545072.9369909,-477689.828719006,-3043.47899002172,-427.201083123514,-265.905784161344,
23400,-5746763.97763977,41519036.2679101,-493639.460571528,-3041.64246416132,-440.686635345033,-265.747745901108,
23460,-5929205.94481385,41492190.6935005,-509579.454448492,-3039.74654513504,-454.164550020661,-265.584518711967,
23520,-6111532.37576561,41464536.6799448,-525509.499087651,-3037.79126162965,-467.634562836942,-265.41610506057,
23580,-6293739.70951626,41436074.709282,-541429.283377831,-3035.77664350578,-481.096409561606,-265.242507516105,
23640,-6475824.38691384,41406805.2794023,-557338.496365089,-3033.70272179802,-494.549826048878,-265.063728750307,
23700,-6657782.85070373,41376728.904042,-573236.827258859,-3031.56952871495,-507.994548244786,-264.879771537456,
23760,-6839611.545599,41345846.1127779,-589123.96543811,-3029.37709763913,-521.430312192477,-264.690638754381,
23820,-7021306.91835092,41314157.4510211,-604999.600457499,-3027.12546312708,-534.85685403753,-264.49633338046,
23880,-7202865.41781936,41281663.4800105,-620863.422053519,-3024.8146609093,-548.273910033283,-264.296858497617,
23940,-7384283.49504323,41248364.7768068,-636715.120150656,-3022.44472789011,-561.681216546153,-264.092217290314,
24000,-7565557.60331092,41214261.934285,-652554.384867539,-3020.01570214763,-575.078510060967,-263.882413045546,
24060,-7746684.19823073,41179355.5611274,-668380.906523094,-3017.52762293367,-588.465527186289,-263.667449152831,
24120,-7927659.73780125,41143646.2818158,-684194.375642692,-3014.98053067354,-601.842004659762,-263.4473291042,
24180,-8108480.68248182,41107134.7366239,-699994.482964302,-3012.37446696592,-615.207679353439,-263.222056494181,
24240,-8289143.49526287,41069821.5816088,-715780.919444638,-3009.7094745827,-628.562288279123,-262.991635019784,
24300,-8469644.64173635,41031707.4886027,-731553.37626531,-3006.9855974687,-641.905568593718,-262.756068480483,
24360,-8649980.59016608,40992793.1452037,-747311.544838968,-3004.2028807415,-655.237257604566,-262.515360778195,
24420,-8830147.81155809,40953079.2547671,-763055.116815452,-3001.36137069114,-668.557092774801,-262.269515917261,
24480,-9010142.77973101,40912566.5363952,-778783.784087933,-2998.46111477984,-681.864811728699,-262.018538004416,
24540,-9189961.97138635,40871255.7249282,-794497.238799058,-2995.5021616417,-695.160152257031,-261.762431248767,
24600,-9369601.86617881,40829147.5709337,-810195.17334709,-2992.48456108236,-708.442852322419,-261.501199961763,
24660,-9549058.94678657,40786242.8406961,-825877.280392049,-2989.40836407862,-721.712650064691,-261.234848557161,
24720,-9728329.69898153,40742542.3162061,-841543.25286185,-2986.27362277809,-734.969283806247,-260.963381550999,
24780,-9907410.61169958,40698046.7951493,-857192.783958435,-2983.08039049875,-748.212492057414,-260.686803561552,
24840,-10086298.1771108,40652757.0908951,-872825.567163912,-2979.82872172852,-761.442013521813,-260.405119309303,
24900,-10264988.8906896,40606674.0324845,-888441.29624668,-2976.5186721248,-774.657587101724,-260.118333616898,
24960,-10443479.2512848,40559798.4646186,-904039.665267563,-2973.150298514,-787.858951903449,-259.826451409106,
25020,-10621765.7611902,40512131.2476455,-919620.368585934,-2969.723658891,-801.045847242685,-259.529477712773,
25080,-10799844.926214,40463673.2575483,-935183.100865835,-2966.23881241863,-814.218012649886,-259.227417656779,
25140,-10977713.2557493,40414425.3859313,-950727.557082103,-2962.6958194271,-827.375187875641,-258.920276471986,
25200,-11155367.262844,40364388.5400074,-966253.432526485,-2959.09474141343,-840.51711289604,-258.608059491188,
25260,-11332803.4642709,40313563.6425839,-981760.422813751,-2955.4356410408,-853.643527918045,-258.290772149059,
25320,-11510018.3805975,40261951.6320485,-997248.223887807,-2951.71858213797,-866.754173384868,-257.968419982097,
25380,-11687008.536256,40209553.4623553,-1012716.5320278,-2947.94362969855,-879.84878998134,-257.641008628569,
25440,-11863770.459613,40156370.1030097,-1028165.04385424,-2944.11084988037,-892.927118639283,-257.308543828446,
25500,-12040300.6830397,40102402.5390539,-1043593.45633505,-2940.22031000472,-905.98890054289,-256.971031423347,
25560,-12216595.7429813,40047651.771051,-1059001.46679173,-2936.27207855562,-919.033877134095,-256.62847735647,
25620,-12392652.1800271,39992118.8150701,-1074388.77290542,-2932.2662251791,-932.061790117949,-256.280887672529,
25680,-12568466.5389796,39935804.7026697,-1089755.07272295,-2928.20282068234,-945.072381467991,-255.928268517684,
25740,-12744035.3689251,39878710.4808819,-1105100.064663,-2924.0819370329,-958.065393431629,-255.570626139472,
25800,-12919355.2233023,39820837.2121953,-1120423.44752213,-2919.90364735784,-971.040568535505,-255.20796688673,
25860,-13094422.6599725,39762185.9745388,-1135724.92048086,-2915.66802594292,-983.997649590878,-254.840297209523,
25920,-13269234.2412888,39702757.8612636,-1151004.18310974,-2911.37514823161,-996.936379698987,-254.467623659066,
