tSec,x,y,z,vx,vy,vz,
0,-1049836.53140614,-4275236.47811528,-6337381.51549226,5944.44654618582,2819.96862017239,-2885.42106463156,
60,-691720.177447133,-4099469.56652087,-6500527.31409743,5989.66536870564,3037.40164119768,-2551.36651635899,
120,-331449.842735004,-3910938.11673488,-6643387.2885703,6016.22832147968,3245.34387733585,-2209.40229621124,
180,29852.5285515599,-3710230.9553338,-6765518.64724162,6024.05855649163,3443.15446124097,-1860.59162197162,
240,391062.100921027,-3497974.42275183,-6866543.00682035,6013.13654402103,3630.2240846596,-1506.01768705773,
300,751054.58512967,-3274830.42928604,-6946147.49453501,5983.49999770377,3805.97666242849,-1146.78044635203,
360,1108709.66717219,-3041494.41399841,-7004085.65750113,5935.24366856691,3969.87091498171,-783.993406245277,
420,1462914.42140646,-2798693.20982727,-7040178.17929807,5868.51901656633,4121.40191236762,-418.780401786932,
480,1812566.69916623,-2547182.8176838,-7054313.40155082,5783.53371673608,4260.10255809805,-52.272313187793,
540,2156578.48233444,-2287746.09503828,-7046447.64709608,5680.55098854999,4385.5449414374,314.396249814,
600,2493879.19288847,-2021190.367937,-7016605.34502341,5559.88881169325,4497.34154831499,680.090235438933,
660,2823418.95254178,-1748344.97277391,-6964878.95834379,5421.91903541631,4595.1463982647,1043.67745278218,
720,3144171.78355521,-1470058.73244585,-6891428.71231874,5267.06629816257,4678.65608220787,1404.03190493212,
780,3455138.73914968,-1187197.37476541,-6796482.1238835,5095.80677588576,4747.61064761905,1760.03707380724,
840,3755350.95590344,-900640.901700292,-6680333.33613778,4908.66684202451,4801.79436150368,2110.58913868348,
900,4043872.6234289,-611280.915484317,-6543342.26057438,4706.22164503616,4841.03638675705,2454.60017330778,
960,4319803.86534848,-320017.906914244,-6385933.52752289,4489.09356952342,4865.21136278265,2791.00134131106,
1020,4582283.52406428,-27758.5120634601,-6208595.24520093,4257.95056820848,4874.23987750759,3118.74607790315,
1080,4830491.8415793,264587.256235317,-6011877.56852382,4013.50436419775,4868.08883819512,3436.81324946663,
1140,5063653.02829462,556108.796266209,-5796391.07894718,3756.50851150458,4846.77174531538,3744.21029339786,
1200,5281037.71063371,845897.718542925,-5562804.9765061,3487.7562911921,4810.34885583692,4039.97633706011,
1260,5481965.24696116,1133050.65258823,-5311845.08581873,3208.07842349035,4758.92720198944,4323.18527363509,
1320,5665805.9008794,1416672.04955632,-5044291.68008317,2918.34060734755,4692.66042977898,4592.94874269798,
1380,5831982.86307104,1695876.96962487,-4760977.1306232,2619.44094588327,4611.74845806473,4848.41895706954,
1440,5979974.11737418,1969793.84505366,-4462783.39168804,2312.3073396229,4516.43702367947,5088.79137823393,
1500,6109314.14965527,2237567.21434424,-4150639.32639683,1997.89483615007,4407.01717305366,5313.30736056126,
1560,6219595.49275455,2498360.42249728,-3825517.87301184,1677.18279390016,4283.82461653107,5521.25681748946,
1620,6310470.09451275,2751358.27565571,-3488433.05425891,1351.17183528036,4147.2388511797,5711.98075728449,
1680,6381650.49957584,2995769.63732132,-3140436.84119609,1020.88070420521,3997.68210585662,5884.87359651662,
1740,6432910.84132688,3230829.9577057,-2782615.88354426,687.343077386437,3835.61817028456,6039.38531341677,
1800,6464087.63987007,3455803.72881387,-2416088.11391844,351.604275011871,3661.55107916673,6175.02349795325,
1860,6475080.39834304,3669986.85453746,-2041999.23353475,14.7178303203831,3476.02358849798,6291.35523327268,
1920,6465851.99076548,3872708.92317879,-1661519.09272877,-322.258010591921,3279.61545773945,6388.0087114889,
1980,6436428.84013448,4063335.37310263,-1275837.9823962,-658.263773709119,3072.94161764995,6464.67460139636,
2040,6386900.88731342,4241269.5457659,-886162.848309267,-992.242263455917,2856.65023925484,6521.10726220087,
2100,6317421.34646197,4405954.61769256,-493713.437869579,-1323.14217372649,2631.42061549365,6557.12575685596,
2160,6228206.2425802,4556875.39912611,-99718.3957221398,-1649.92171351393,2397.96084618604,6572.6145320948,
2220,6119533.73421338,4693559.98995703,294588.671396878,-1971.55213332315,2157.00541015427,6567.52377324984,
2280,5991743.22814378,4815581.28855127,687973.142984531,-2287.02113460669,1909.31269841537,6541.86950300872,
2340,5845234.29205811,4922558.35160895,1079203.33349207,-2595.33620613024,1655.66250545192,6495.73350300504,
2400,5680465.36794459,5014157.60053424,1467054.43046479,-2895.52792818345,1396.85341547646,6429.26302305016,
2460,5497952.28961298,5090093.86823512,1850312.40683302,-3186.65318297271,1133.70011049794,6342.67020911944,
2520,5298266.61170563,5150131.28386029,2227777.89167971,-3467.79823098283,867.030664031652,6236.2313060726,
2580,5082033.75706601,5194083.99424604,2598269.98771794,-3738.08169630826,597.683794916974,6110.28567514582,
2640,4849930.98751016,5221816.7183513,2960630.02297263,-3996.65746120093,326.506046059259,5965.23457209135,
2700,4602685.20505957,5233245.13082199,3313725.22076375,-4242.71741150733,54.3489199789784,5801.53964386828,
2760,4341070.59445042,5228336.07407941,3656452.27151381,-4475.49397532076,-217.933961675796,5619.72116981835,
2820,4065906.11988459,5207107.60185831,3987740.79329344,-4694.26244695862,-489.489634240033,5420.35612486312,
2880,3778052.88786185,5169628.85790986,4306556.67220818,-4898.34313400392,-759.468512065755,5204.07611372293,
2940,3478411.3856264,5116019.79256645,4611905.27489159,-5087.10335977687,-1027.02707275478,4971.56516966583,
3000,3167918.60371092,5046450.71923426,4902834.52415017,-5259.95932002818,-1291.33050816019,4723.55738945459,
3060,2847545.05248099,4961141.71322255,5178437.82747736,-5416.37775124358,-1551.55532305259,4460.83439775951,
3120,2518291.68506305,4860361.85707984,5437856.84948976,-5555.87738324588,-1806.89184958679,4184.22269187579,
3180,2181186.73894235,4744428.33757759,5680284.12299964,-5678.03020612515,-2056.54668286606,3894.59092350542,
3240,1837282.50594495,4613705.39797414,5904965.49502354,-5782.46259381489,-2299.74507481224,3592.84710580688,
3300,1487652.03946762,4468603.14786306,6111202.40143322,-5868.85626286017,-2535.73327833805,3279.93568857216,
3360,1133385.81033431,4309576.23566636,6298353.96259242,-5936.94902503382,-2763.78077154632,2956.83453034806,
3420,775588.322859271,4137122.39170622,6465838.89635948,-5986.53537293452,-2983.18235519911,2624.55184549419,
3480,415374.699398399,3951780.84775269,6613137.24696168,-6017.46694608574,-3193.2601811278,2284.12310866989,
3540,53867.2413284081,3754130.63651973,6739791.92532912,-6029.65283837288,-3393.36571899529,1936.60786192361,
3600,-307808.022189905,3544788.77649515,6845410.0555882,-6023.05969623453,-3582.88160182589,1583.08646096174,
3660,-668524.785883006,3324408.35026691,6929664.12678099,-5997.71164801687,-3761.2233369444,1224.65684638907,
3720,-1027159.91257787,3093676.48264203,6992292.95181396,-5953.69013270348,-3927.84094729973,862.431335077118,
3780,-1382596.86401836,2853312.22144203,7033102.43217477,-5891.13361399828,-4082.22056913989,497.53334074079,
3840,-1733729.10937579,2604064.32532237,7051966.12306845,-5810.23711558914,-4223.88594068495,131.094009829028,
3900,-2079463.50028011,2346708.96673,7048825.59605687,-5711.25157418793,-4352.39974277729,-235.75115210223,
3960,-2418723.60215388,2082047.35829776,7023690.60024738,-5594.48303208071,-4467.364815449,-601.865618325164,
4020,-2750452.97261835,1810903.30951836,6976639.024599,-5460.29168444372,-4568.42526514925,-966.115131302202,
4080,-3073618.37929614,1534120.72031503,6907816.6643026,-5309.09081936202,-4655.26746252562,-1327.37094459789,
4140,-3387212.95153571,1252561.01750198,6817436.79356738,-5141.34567433118,-4727.62095285586,-1684.51304023651,
4200,-3690259.26036929,967100.538925365,6705779.54530346,-4957.57218106667,-4785.259287131,-2036.433350052,
4260,-3981812.31925273,678627.870677694,6573191.09754368,-4758.33558140909,-4828.00075244828,-2382.03897319198,
4320,-4260962.49821914,388041.143507114,6420082.66718502,-4544.24892542707,-4855.70900491702,-2720.25538227822,
4380,-4526838.34399385,96245.2938230072,6246929.31155462,-4315.97143399572,-4868.29361655816,-3050.02962229189,
4440,-4778609.29740711,-195850.705266619,6054268.53854896,-4074.20671397018,-4865.71052487411,-3370.33349107095,
4500,-5015488.29951794,-487336.636630764,5842698.72638378,-3819.70083310713,-4847.96237067707,-3680.1667082788,
4560,-5236734.27778,-777303.848038516,5612877.35330007,-3553.24024482743,-4815.09869627795,-3978.56007917309,
4620,-5441654.50310933,-1064848.06818858,5365519.03813341,-3275.64955980584,-4767.21598329311,-4264.57863159546,
4680,-5629606.80819628,-1349072.22015497,5101393.39405111,-2987.78914253285,-4704.45752756161,-4537.32469983869,
4740,-5800001.65577102,-1629089.22220107,4821322.70058909,-2690.55251859362,-4627.01314349964,-4795.94088140343,
4800,-5952304.04751529,-1904024.76633861,4526179.4036775,-2384.86367277897,-4535.11872566285,-5039.61281748442,
4860,-6086035.26915974,-2173020.06705312,4216883.45236348,-2071.67428793763,-4429.05569090302,-5267.57187165203,
4920,-6200774.46697674,-2435234.57221428,3894399.4766269,-1751.96087663361,-4309.15026990837,-5479.09774337009,
4980,-6296160.04815177,-2689848.62659323,3559733.81170558,-1426.72177925562,-4175.77263848808,-5673.52096076743,
5040,-6371890.89746957,-2936066.07917406,3213931.37729847,-1096.97404679405,-4029.33591755898,-5850.22522617228,
5100,-6427727.40339306,-3173116.8261724,2858072.42041909,-763.750199953178,-3870.29501952512,-6008.64961310208,
5160,-6463492.2862014,-3400259.2793392,2493269.131298,-428.094880148942,-3699.1453106524,-6148.29059652233,
5220,-6479071.22291243,-3616782.74817769,2120662.1434692,-91.0614304829429,-3516.42107952914,-6268.70387665853,
5280,-6474413.26594162,-3822009.72514106,1741416.93115937,246.291555539252,-3322.69384188485,-6369.50597801315,
5340,-6449531.05421556,-4015298.06514323,1356720.11742127,582.903699412901,-3118.57051728048,-6450.37562666478,
5400,-6404500.81611918,-4196043.05229466,967775.706071219,917.716310018675,-2904.69149464694,-6511.05491498783,
5460,-6339462.16396905,-4363679.34729006,575801.24969085,1249.67586149321,-2681.72858714631,-6551.35027129353,
5520,-6254617.67928633,-4517682.8083983,182023.965099221,1577.73749203815,-2450.38286040217,-6571.13323827342,
5580,-6150232.28724114,-4657572.17788646,-212323.191177384,1900.86853054627,-2211.38231800184,-6570.34101724267,
5640,-6026632.41957542,-4782910.62565161,-606005.471550637,2218.05200993585,-1965.47946317101,-6548.97672253475,
5700,-5884204.96856786,-4893307.14388268,-997790.292764708,2528.29011483993,-1713.44877466281,-6507.10936071044,
5760,-5723396.03615131,-4988417.78744492,-1386451.18272463,2830.60756304043,-1456.0840819165,-6444.87356337347,
5820,-5544709.48288585,-5067946.75339532,-1770771.70280557,3124.05488119059,-1194.19583546915,-6362.469029969,
5880,-5348705.2855964,-5131647.29557771,-2149549.32833863,3407.71150243028,-928.608353744578,-6260.15970649203,
5940,-5135997.71369,-5179322.4743406,-2521599.27426011,3680.68872758281,-660.157074465932,-6138.27278592318,
6000,-4907253.33032188,-5210825.74013364,-2885758.25495104,3942.13260097404,-389.685759107111,-5997.19749999783,
6060,-4663188.82494689,-5226061.34803069,-3240888.16352565,4191.22663941385,-118.043663597037,-5837.38363974269,
6120,-4404568.6883572,-5224984.60345084,-3585879.65521417,4427.19435136721,153.917248484173,-5659.33985582904,
6180,-4132202.7420396,-5207601.94243372,-3919655.62468992,4649.30158688535,425.345041788995,-5463.63183127065,
6240,-3846943.53011275,-5173970.84782357,-4241174.56967497,4856.8587690916,695.390549382629,-5250.8803052962,
6300,-3549683.58172934,-5124199.60098389,-4549433.82986851,5049.22297088693,963.210106067986,-5021.75889061686,
6360,-3241352.55452568,-5058446.87103609,-4843472.68916692,5225.79980200027,1227.96822560459,-4776.99170714481,
6420,-2922914.27050427,-4976921.14551015,-5122375.33138629,5386.0451079717,1488.84020966415,-4517.35086894334,
6480,-2595363.65562683,-4879880.00658668,-5385273.6413189,5529.46648090849,1745.01468471499,-4243.65384542992,
6540,-2259723.59429286,-4767629.25738475,-5631349.84422041,5655.62458704852,1995.69606390038,-3956.76071712163,
6600,-1917041.70958709,-4640521.90272495,-5859838.97776551,5764.13431302203,2240.10693606735,-3657.57133706705,
6660,-1568387.08027135,-4498956.98878855,-6070031.19114551,5854.66572813611,2477.49037941651,-3347.02240982856,
6720,-1214846.90545081,-4343378.30631314,-6261273.86678096,5926.94486798664,2707.112196663,-3026.08450155316,
6780,-857523.127300829,-4174272.96193243,-6432973.56065835,5980.75434992683,2928.26307603875,-2695.75898179514,
6840,-497529.022092409,-3992169.82223298,-6584597.75657413,6015.9338091019,3140.26066700528,-2357.07487541633,
6900,-135985.771273793,-3797637.83730378,-6715676.42912992,6032.38012541953,3342.45150917983,-2011.08564860013,
6960,225980.975635754,-3591284.25394189,-6825803.41450978,6030.04748590358,3534.21278828746,-1658.86603188092,
7020,587244.539476032,-3373752.72641104,-6914637.59251662,6008.94737551508,3714.9540155202,-1301.50889162825,
7080,946680.646752617,-3145721.32692579,-6981903.87940684,5969.14846546134,3884.11868706308,-940.12203496935,
7140,1303170.85292515,-2907900.45866293,-7027394.02633892,5910.77631613618,4041.18585673284,-575.824940615605,
7200,1655605.94229578,-2661030.67900056,-7050967.22233621,5834.01291012577,4185.67156008415,-209.745523470753,
7260,2002889.29739158,-2405880.43989476,-7052550.50419858,5739.09610855463,4317.1301624675,156.983075464004,
7320,2343940.23305288,-2143243.74894676,-7032138.97280677,5626.31900869798,4435.15565486122,523.225742977197,
7380,2677697.28737608,-1873937.7546869,-6989795.81205845,5496.02913715022,4539.38287752963,887.848716448529,
7440,3003121.45813434,-1598800.26181637,-6925652.10737883,5348.62743859749,4629.48862205153,1249.72292908896,
7500,3319199.373301,-1318687.18487442,-6839906.46490636,5184.56710474152,4705.192583511,1607.72729834994,
7560,3624946.38854253,-1034469.94819221,-6732824.435546,5004.35231817133,4766.258210132,1960.75195031867,
7620,3919409.60676683,-747032.836803491,-6604737.74566475,4808.53690087594,4812.49348708169,2307.70145293078,
7680,4201670.81208995,-457270.303410748,-6456043.33263587,4597.72280489946,4843.75160486417,2647.49808143623,
7740,4470849.30836773,-166084.240026534,-6287202.185346,4372.55845049956,4859.93146988833,2979.08504009016,
7800,4726104.65509734,125618.777475253,-6098737.9935592,4133.73697238229,4860.97810863447,3301.42962012201,
7860,4966639.29497527,416930.266869052,-5891235.60808383,3881.99435139106,4846.88299649572,3613.52635606935,
7920,5191701.06447315,706942.633703672,-5665339.31134065,3618.10737794107,4817.68427537825,3914.40018431348,
7980,5400585.5767831,994751.974210902,-5421750.89929389,3342.89143459486,4773.46682454497,4203.10956562853,
8040,5592638.46648725,1279460.87758461,-5161227.57814173,3057.19810708603,4714.36216731879,4478.74953034323,
8100,5767257.48632436,1560181.21770238,-4884579.68156478,2761.91264821854,4640.5482138841,4740.45461013835,
8160,5923894.44806633,1836036.92476702,-4592668.21590186,2457.95132100404,4552.24885079168,4987.40164053968,
8220,6062057.00085054,2106166.72790475,-4286402.24134675,2146.25864213198,4449.73338462017,5218.81242174756,
8280,6181310.24212583,2369726.86038994,-3966736.09786015,1827.80456633058,4333.31585720989,5433.95623864182,
8340,6281278.15833292,2625893.72062095,-3634666.48281259,1503.58162036399,4203.35425788132,5632.15229403242,
8400,6361644.89051467,2873866.48259164,-3291229.3841676,1174.60192016431,4060.24962130583,5812.77209022622,
8460,6422155.81596842,3112869.64741798,-2937496.87317459,841.894019193345,3904.4449537078,5975.24171774912,
8520,6462618.43627829,3342155.52415154,-2574573.76477268,506.499617751856,3736.42395023793,6119.04396173113,
8580,6482903.06567558,3561006.62828918,-2203594.1584543,169.470208929152,3556.70954517412,6243.72018054305,
8640,6482943.31717636,3768737.98971599,-1825717.87246673,-168.136310046674,3365.86234763371,6348.87199168727,
8700,6462736.38346116,3964699.36335952,-1442126.78166057,-505.259099715404,3164.47895659079,6434.16279689162,
8760,6422343.10719707,4148277.33405824,-1054021.06966196,-840.837929562397,2953.1901148104,6499.31910097665,
8820,6361887.83724981,4318897.30561843,-662615.409340494,-1173.81675036653,2732.65869609265,6544.13158350143,
8880,6281558.07121364,4476025.36404758,-269135.085879055,-1503.14724329029,2503.57752030186,6568.45594219295,
8940,6181603.88589017,4619170.00441431,125187.923394745,-1827.79233477516,2266.66700166125,6572.21348349326,
9000,6062337.15834657,4747883.71394866,519118.896832939,-2146.72966821914,2022.67272485166,6555.39146300919,
9060,5924130.57809983,4861764.40815876,911424.330198802,-2458.955106283,1772.36295469604,6518.04320141403,
9120,5767416.44874674,4960456.71329622,1300875.89626255,-2763.48622245082,1516.52600071691,6460.28788143674,
9180,5592685.28415311,5043653.0871758,1686254.381947,-3059.3656421183,1255.96747760897,6382.31001155762,
9240,5400484.20984756,5111094.77433242,2066353.58475093,-3345.66419357103,991.50753318128,6284.35861347378,
9300,5191415.18101745,5162572.59522585,2439984.15356718,-3621.48387365714,723.978093654599,6166.74619254777,
9360,4966133.02725082,5197927.57088512,2805977.36269231,-3885.96066518345,454.220130452515,6029.84754551573,
9420,4725343.33159869,5217051.38378627,3163188.80965857,-4138.26724755664,183.080931826569,5874.09841119215,
9480,4469800.1496909,5219886.67470776,3510502.02681436,-4377.61561737177,-88.5886397296098,5699.99393879649,
9540,4200303.57479758,5206427.17423092,3846831.99463575,-4603.25959644724,-359.936916683452,5508.08693951832,
9600,3917697.15682149,5176717.66753725,4171128.54324477,-4814.49718559711,-630.114210587463,5298.98590813785,
9660,3622865.18593068,5130853.79241384,4482379.62848012,-5010.6727131535,-898.275580682607,5073.35282468401,
9720,3316729.85448451,5068981.67273406,4779614.47082259,-5191.17874424661,-1163.58354377491,4831.90079431649,
9780,3000248.31062021,4991297.3913858,5061906.54927277,-5355.45779223924,-1425.21071880486,4575.39157278785,
9840,2674409.61442367,4898046.30634259,5328376.44276244,-5503.00385108356,-1682.34240630764,4304.63295570472,
9900,2340231.60804801,4789522.21484497,5578194.51130587,-5633.36373195611,-1934.17906829093,4020.47605733062,
9960,1998757.71100049,4666066.37167291,5810583.41178713,-5746.13822593251,-2179.93871638649,3723.81252228395,
10020,1651053.65020812,4528066.36640048,6024820.44439592,-5840.98311940584,-2418.8592256407,3415.57166563678,
10080,1298204.13323626,4375954.86387043,6220239.72472737,-5917.61007155499,-2650.20058120218,3096.71751775795,
10140,941309.473692283,4210208.21180104,6396234.17543265,-5975.78732405086,-2873.24705963686,2768.24576582832,
10200,581482.17994742,4031344.9198726,6552257.33169657,-6015.34021080488,-3087.30932631976,2431.18061162912,
10260,219843.519338192,3839924.01632787,6687824.95657257,-6036.15146903519,-3291.72641670685,2086.57158186845,
10320,-142479.930934414,3636543.28950641,6802516.46430763,-6038.16137501391,-3485.86759101089,1735.49032232893,
10380,-504359.73635845,3421837.42161232,6895976.15165728,-6021.36772956411,-3669.13407630302,1379.02740830576,
10440,-864669.05340034,3196476.0204638,6967914.23836206,-5985.82573641497,-3840.96073040526,1018.28916474036,
10500,-1222286.06742874,2961161.55348625,7018107.71559154,-5931.64777209871,-4000.81763236811,654.394437715088,
10560,-1576097.41258436,2716627.18929197,7046400.99914608,-5859.00301100313,-4148.21156882941,288.471322846293,
10620,-1925001.56487378,2463634.55317407,7052706.38621693,-5768.11691151462,-4282.68742186815,-78.3461079019059,
10680,-2267912.20068949,2202971.40160282,7037004.3155845,-5659.27057802603,-4403.82948357404,-444.921090246209,
10740,-2603761.51317103,1935449.2199803,6999343.42961115,-5532.79998996665,-4511.26269722288,-810.117495158046,
10800,-2931503.47751664,1661900.74866669,6939840.43495328,-5389.09506439592,-4604.6538021778,-1172.80320768116,
10860,-3250117.05424643,1383177.44388868,6858679.75990798,-5228.59852281533,-4683.71235581699,-1531.85351819133,
10920,-3558609.31861067,1100146.88155569,6756113.0092453,-5051.80456624014,-4748.19161129927,-1886.15447245336,
10980,-3856018.5057681,813690.113018564,6632458.22065174,-4859.25740386146,-4797.88924386077,-2234.6061270512,
11040,-4141416.96513727,524698.980958697,6488098.92912433,-4651.54970728668,-4832.64796254707,-2576.12570098362,
11100,-4413914.0206431,234073.400793847,6323483.04393527,-4429.32101775982,-4852.35605272727,-2909.65068477019,
11160,-4672658.73317232,-57281.3886337232,6139121.53857645,-4193.25607010578,-4856.9478545961,-3234.14197330718,
11220,-4916842.55856814,-348457.600378177,5935586.9513747,-3944.0829785833,-4846.40414403862,-3548.58704253291,
11280,-5145701.89172098,-638547.693552858,5713511.69487694,-3682.57125129461,-4820.75237461691,-3852.00313943263,
11340,-5358520.48611313,-926647.177354018,5473586.17461722,-3409.52962349882,-4780.06676325123,-4143.4404381593,
11400,-5554631.73795405,-1211857.41547168,5216556.72075537,-3125.80371324404,-4724.4682178982,-4421.98511259667,
11460,-5733420.82514026,-1493288.42172477,4943223.33911831,-2832.27353593919,-4654.12412267658,-4686.76227886539,
11520,-5894326.6941783,-1770061.63955028,4654437.28942281,-2529.85092574043,-4569.24802063802,-4936.93882385484,
11580,-6036843.88918309,-2041312.69958234,4351098.49539218,-2219.47683862551,-4470.09919351697,-5171.72618878375,
11640,-6160524.21370111,-2306194.14728138,4034152.78914036,-1902.11846879782,-4356.98207039317,-5390.38309789029,
11700,-6264978.21389654,-2563878.12844962,3704588.99601369,-1578.76618985512,-4230.24541261894,-5592.21812942199,
11760,-6349876.47547768,-2813559.0197627,3363435.87164629,-1250.43042397367,-4090.28131037217,-5776.59207308314,
11820,-6414950.73220188,-3054455.995351,3011758.90274095,-918.138485096812,-3937.52405659448,-5942.92012500812,
11880,-6459994.78267647,-3285815.52196278,2650656.9800232,-582.931339730078,-3772.44889193167,-6090.67395492217,
11940,-6484865.20990463,-3506913.77446354,2281258.95160789,-245.860271677492,-3595.57059739069,-6219.38361628352,
12000,-6489481.89837014,-3717058.96173861,1904720.06735607,92.0165269991788,-3407.44191482673,-6328.6392680779,
12060,-6473828.34478285,-3915593.552662,1522218.32618869,429.637420621396,-3208.65179847077,-6418.09267844525,
12120,-6437951.7605829,-4101896.39338963,1134950.74072041,765.940795723764,-2999.8235550342,-6487.45848284786,
12180,-6381962.96681475,-4275384.71086545,744129.53149711,1099.86852961239,-2781.61290195403,-6536.51529017069,
12240,-6306036.07846815,-4435515.9948384,350978.25893944,1430.36954675879,-2554.70584196991,-6565.10663280937,
12300,-6210407.97350885,-4581789.74599272,-43272.0934181232,1756.40342316739,-2319.81633738464,-6573.14162234234,
12360,-6095377.54627505,-4713749.08066526,-437387.06495018,2076.94396142887,-2077.68386659467,-6560.59526984103,
12420,-5961304.7485932,-4830982.18659957,-830132.673286718,2390.98267904968,-1829.07090854265,-6527.50847976696,
12480,-5808609.42607921,-4933123.62675506,-1220279.36090116,2697.53214049567,-1574.76040063081,-6473.9877827593,
12540,-5637769.95888287,-5019855.49017676,-1606605.92075151,2995.62915825162,-1315.55317665494,-6400.20491826713,
12600,-5449321.71188144,-5090908.38696515,-1987903.3928022,3284.33795455064,-1052.26531963467,-6306.39626773919,
12660,-5243855.29609713,-5146062.28079229,-2362978.91934212,3562.75328123692,-785.725397548969,-6192.86203128271,
12720,-5022014.64609173,-5185147.15331813,-2730659.54189449,3830.00342324183,-516.771634647104,-6059.96510610269,
12780,-4784494.92187858,-5208043.4981124,-3089795.92246089,4085.25303776339,-246.249062168407,-5908.12968955092,
12840,-4532040.24651585,-5214682.64395282,-3439265.97338064,4327.70578580776,24.9933116590405,-5737.83963878864,
12900,-4265441.29237632,-5205046.90995268,-3777978.38331033,4556.60675100102,296.105274142712,-5549.63666247346,
12960,-3985532.72702282,-5179169.5959931,-4104876.03107247,4771.24471464983,566.238130795569,-5344.11839108285,
13020,-3693190.52544942,-5137134.81019705,-4418939.27911264,4970.95433433639,834.547423057623,-5121.93628080494,
13080,-3389329.15588927,-5079077.13268321,-4719189.13441705,5155.11816050621,1100.19566509774,-4883.79328527415,
13140,-3074898.65230975,-5005181.11605492,-5004690.26304276,5323.16838569665,1362.35503131556,-4630.44131894253,
13200,-2750881.59006373,-4915680.62841937,-5274553.84897295,5474.58833721445,1620.20991148753,-4362.67862161824,
13260,-2418289.97735207,-4810858.04693441,-5527940.29326967,5608.913801803,1872.95934569887,-4081.34706849385,
13320,-2078162.07161511,-4691043.30796004,-5764061.74962777,5725.7342001751,2119.81937081311,-3787.32940572029,
13380,-1731559.13025759,-4556612.81904922,-5982184.49230401,5824.6936040788,2360.025280694,-3481.54643408475,
13440,-1379562.10426757,-4407988.23727075,-6181631.11409128,5905.49162903274,2592.83382898168,-3164.95415745199,
13500,-1023268.28148177,-4245635.11609625,-6361782.5511441,5967.88421822664,2817.52541144696,-2838.54085217873,
13560,-663787.886979512,-4070061.42183351,-6522079.92804412,6011.68427580447,3033.40622728798,-2503.32399830049,
13620,-302240.651895437,-3881815.92229491,-6662026.214373,6036.7620767448,3239.81036477425,-2160.34707360025,
13680,60247.6351117417,-3681486.45417156,-6781187.68655444,6043.04543990853,3436.10175165446,-1810.67628062753,
13740,422548.580780863,-3469698.07816646,-6879195.19265457,6030.51970963138,3621.67594400985,-1455.39725611752,
13800,783534.63422178,-3247111.13183124,-6955745.21984495,5999.22757892001,3795.96174723156,-1095.61179014663,
13860,1142082.51933588,-3014419.18959461,-7010600.76652075,5949.26879147361,3958.42270016706,-732.434602553575,
13920,1497076.6468882,-2772346.93611431,-7043592.02311544,5880.79976278608,4108.55849000192,-366.990183101804,
13980,1847412.50145905,-2521647.9551496,-7054616.8631601,5794.0331176041,4245.90635982452,-0.409607869768269,
14040,2191999.99657685,-2263102.43494026,-7043641.14087159,5689.23707847546,4370.0424681931,366.172726352851,
14100,2529766.7875488,-1997514.79561941,-7010698.79132563,5566.7346687994,4480.58311864385,731.622402148372,
14160,2859661.53198472,-1725711.24728287,-6955891.73376457,5426.90277880445,4577.18584837056,1094.80823519989,
14220,3180657.09171993,-1448537.28541392,-6879389.58111724,5270.17114954823,4659.55043875854,1454.6054905538,
14280,3491753.67089105,-1166855.12703347,-6781429.15580073,5097.02125010638,4727.41987904401,1809.8991344,
14340,3791981.8816607,-881541.091439758,-6662313.80864627,4907.98497903824,4780.58123760499,2159.58713884866,
14400,4080405.7262666,-593482.933108219,-6522412.53961522,4703.64318083771,4818.86637936414,2502.58377028642,
14460,4356125.48604803,-303577.136220193,-6362158.9230915,4484.62403849794,4842.15253363318,2837.82281449738,
14520,4618280.51108209,-12726.1786244937,-6182049.84116677,4251.60136685471,4850.36275005245,3164.26075568352,
14580,4866051.90412359,278164.228715325,-5982644.02722838,4005.2927941995,4843.46626218491,3480.87992163749,
14640,5098665.09179602,568187.921626747,-5764560.42142117,3746.45781787864,4821.4787689724,3786.69161593835,
14700,5315392.27414032,856441.076421074,-5528476.33776018,3475.89568312632,4784.4626020232,4080.73926218729,
14760,5515554.74071393,1142025.00854821,-5275125.44377018,3194.44306172836,4732.52671806862,4362.10149033688,
14820,5698525.04314852,1424048.96578178,-5005295.55875518,2902.97160186637,4665.82653352871,4629.89509461743,
14880,5863729.01784927,1701632.90792582,-4719826.27762112,2602.38537968226,4584.56364279365,4883.27790015348,
14940,6010647.65193551,1973910.26578658,-4419606.4245708,2293.61821646085,4488.98540210084,5121.45156593835,
15000,6138818.78378713,2240030.67019262,-4105571.34122845,1977.6308507142,4379.3843432016,5343.66429376688,
15060,6247838.63014542,2499162.64048618,-3778700.01593504,1655.40798855735,4256.09741015823,5549.21341031057,
15120,6337363.13293506,2750496.22220402,-3440012.06225585,1327.95524418179,4119.50503050636,5737.44780939512,
15180,6407109.1192494,2993245.56420906,-3090564.55556547,996.295972996968,3970.0300261707,5907.77023663561,
15240,6456855.26850244,3226651.42573935,-2731448.73779916,661.468014189848,3808.13636709562,6059.63939700985,
15300,6486442.88185197,3449983.6040344,-2363786.60133071,324.52035923475,3634.32777041265,6192.57187437306,
15360,6495776.44988292,3662543.27331715,-1988727.36375179,-13.4902370891027,3449.14614733475,6306.14384487463,
15420,6484824.01608192,3863665.22633267,-1607443.84643565,-351.502667830089,3253.16991231852,6399.99257088415,
15480,6453617.3357391,4052720.0110425,-1221128.76962368,-688.454881136168,3047.01218370965,6473.81769548887,
15540,6402251.83017927,4229115.95649712,-830990.975041034,-1023.28730021665,2831.31888838339,6527.38236618566,
15600,6330886.33484928,4392301.08181363,-438251.586148619,-1354.94627628419,2606.76675763635,6560.51418887992,
15660,6239742.63907985,4541764.8811504,-44140.116351799,-1682.38758182474,2374.06119388353,6573.10600779401,
15720,6129104.81453904,4677039.9761766,350109.463836177,-2004.57996504345,2133.93398310822,6565.11648437085,
15780,5999318.32840855,4797703.6261551,743262.686278921,-2320.50876470892,1887.14083429598,6536.57038859397,
15840,5850788.93996201,4903379.08531993,1134088.55117937,-2629.17949222465,1634.45875633046,6487.55851536572,
15900,5683981.38663221,4993736.79962371,1521363.47675822,-2929.6212490193,1376.68334242174,6418.23723665938,
15960,5499417.87145479,5068495.44000913,1903875.21352106,-3220.88993221126,1114.62604689888,6328.82778818231,
16020,5297676.36327878,5127422.77276241,2280426.71014496,-3502.07128329238,849.111474334693,6219.61537742544,
16080,5079388.71722323,5170336.36673915,2649839.92058044,-3772.28383404706,580.974647449704,6090.94810958668,
16140,4845238.62175288,5197104.13564666,3010959.54038096,-4030.68173415205,311.058242393732,5943.23570077441,
16200,4595959.38031879,5207644.71374365,3362656.65959404,-4276.45743664369,40.2098018226578,5776.94798646644,
16260,4332331.53623038,5201927.66364807,3703832.3201978,-4508.84423647215,-230.721075199671,5592.61322876992,
16320,4055180.35023234,5179973.51511595,4033420.96537354,-4727.11863461549,-500.885550364704,5390.81620093102,
16380,3765373.1424465,5141853.6360037,4350393.76738251,-4930.60249189331,-769.438312765064,5172.19606441343,
16440,3463816.5113468,5087689.93981661,4653761.82336699,-5118.66497927241,-1035.54025712071,4937.44409975334,
16500,3151453.44071978,5017654.43513225,4942579.21182508,-5290.72437032962,-1298.36108095124,4687.30133474542,
16560,2829260.30280737,4931968.62069221,5215945.90357378,-5446.24971018991,-1557.08183824319,4422.55605990443,
16620,2498243.76556302,4830902.72806956,5473010.51933649,-5584.76233488118,-1810.89746456631,4144.04119676418,
16680,2159437.61433389,4714774.81434919,5712972.92493763,-5705.83719948822,-2059.0192454534,3852.63152034151,
16740,1813899.49999041,4583949.7091624,5935086.65629418,-5809.10400236408,-2300.67720031643,3549.24076979565,
16800,1462707.62544693,4438837.82134727,6138661.16848846,-5894.24811685276,-2535.12237829393,3234.81867651614,
16860,1106957.38182461,4279893.81051127,6323063.90431446,-5961.01133901551,-2761.62906433806,2910.34792016108,
16920,747757.945092415,4107615.12906674,6487722.17829592,-6009.19245824714,-2979.49689089479,2576.84102259789,
16980,386228.843909646,3922540.44046906,6632124.8725816,-6038.64764383091,-3188.05284951628,2235.33718630531,
17040,23496.509751136,3725247.92038509,6755823.94254562,-6049.29065709589,-3386.65318013718,1886.89912327838,
17100,-339309.182178064,3516353.44754129,6858435.73263314,-6041.09295591992,-3574.68516989889,1532.60989438206,
17160,-701058.375249306,3296508.68814878,6939642.10106011,-6014.08368661022,-3751.56890083002,1173.56968569981,
17220,-1060624.68802078,3066399.07804935,6999191.34851272,-5968.34949467243,-3916.75890076611,810.892507057292,
17280,-1416888.65389932,2826741.70964889,7036898.94808385,-5904.03415450433,-4069.74566785984,445.702877407378,
17340,-1768741.13378785,2578283.13060279,7052648.07669848,-5821.33803999278,-4210.05709087673,79.132523631255,
17400,-2115086.69226633,2321797.06026196,7046389.94925724,-5720.51744143388,-4337.25976943333,-287.682889508372,
17460,-2454846.92908597,2058082.02988984,7018143.95802017,-5601.88376759227,-4450.96023623856,-653.606982396731,
17520,-2786963.76039382,1787958.95225051,6967997.61938565,-5465.80267152272,-4550.80609046454,-1017.50586482502,
17580,-3110402.64537125,1512268.62563592,6896106.32789226,-5312.6931026009,-4636.48705169069,-1378.251364641,
17640,-3424155.75301551,1231869.17678928,6802692.91482512,-5143.02625062477,-4707.73594318322,-1734.72431654869,
17700,-3727245.06085932,947633.447111084,6688047.00742467,-4957.3243227912,-4764.32959574714,-2085.81791784577,
17760,-4018725.37394244,660446.327815749,6552524.18539545,-4756.1591021541,-4806.08963726089,-2430.44112114243,
17820,-4297687.25037193,371202.052488505,6396544.93446207,-4540.15028055973,-4832.88311568113,-2767.52199146313,
17880,-4563259.82159306,80801.4577480692,6220593.40161983,-4309.96363049625,-4844.62294265548,-3096.01095159841,
17940,-4814613.50007142,-209850.778239977,6025215.95935041,-4066.30908903489,-4841.26819608158,-3414.88390889728,
18000,-5050962.57021293,-499848.912275903,5811019.58484919,-3809.93878272317,-4822.82432451875,-3723.14530298434,
18060,-5271567.65863885,-788288.922592952,5578670.05755812,-3541.64497464319,-4789.3432753126,-4019.83112021589,
18120,-5475738.07803578,-1074271.3005922,5328889.97640273,-3262.25789976493,-4740.92354056166,-4304.01188970138,
18180,-5662834.03727867,-1356903.84269955,5062456.59736875,-2972.64346472834,-4677.7101126081,-4574.79568266055,
18240,-5832268.70766706,-1635304.43580279,4780199.49048971,-2673.70073709145,-4599.89430108147,-4831.33112537291,
18300,-5983510.13107964,-1908603.82553401,4482998.0180996,-2366.35919422597,-4507.71333575366,-5072.81032018495,
18360,-6116082.95807165,-2175948.35412053,4171778.64340599,-2051.57582449396,-4401.44975695744,-5298.47157348416,
18420,-6229570.00973713,-2436502.65659383,3847512.08119473,-1730.33215829352,-4281.43064441426,-5507.60193605337,
18480,-6323613.65982791,-2689452.30661923,3511210.30083033,-1403.63124576986,-4148.02671213541,-5699.53959205196,
18540,-6397917.03388711,-2934006.40460902,3163923.38953076,-1072.49457471142,-4001.65129004632,-5873.67613124453,
18600,-6452245.02032413,-3169400.10044793,2806736.28297405,-737.958879182595,-3842.75915756809,-6029.4586948267,
18660,-6486425.0870429,-3394897.04179999,2440765.37140532,-401.072852808045,-3671.84522838808,-6166.39197606999,
18720,-6500347.89815155,-3609791.73860926,2067154.9905583,-62.893771797745,-3489.44307133582,-6284.04005726326,
18780,-6493967.72536628,-3813411.8339498,1687073.80775893,275.515970970817,-3296.12326810693,-6382.02806028004,
18840,-6467302.64923558,-4005120.27155874,1301711.11562899,613.092399684454,-3092.49161303329,-6460.04357057924,
18900,-6420434.54729869,-4184317.35083136,912273.047581088,948.773518797342,-2879.1871634647,-6517.83782026812,
18960,-6353508.86808731,-4350442.66058219,519978.729521845,1281.50288686524,-2656.88014980983,-6555.2266307914,
19020,-6266734.19064875,-4502976.88341628,126056.382445731,1610.2331888438,-2426.26975393764,-6572.09110476429,
19080,-6160381.57039012,-4641443.46311388,-268260.608661899,1933.9297817893,-2188.0817666768,-6568.37805628646,
19140,-6034783.6736312,-4765410.12816674,-661737.643789454,2251.57418778106,-1943.06613785789,-6544.10017522131,
19200,-5890333.7049521,-4874490.26559797,-1053142.85863674,2562.16750167403,-1691.99444067843,-6499.3359231564,
19260,-5727484.13339518,-4968344.14086264,-1441251.06159541,2864.7336862682,-1435.65728101482,-6434.22918553032,
19320,-5546745.22419953,-5046679.96097001,-1824847.64350155,3158.32276341114,-1174.86166073505,-6348.98871561325,
19380,-5348683.3816769,-5109254.77765513,-2202732.44780913,3442.01391869649,-910.42828066965,-6243.88736676588,
19440,-5133919.30876199,-5155875.22697872,-2573723.58762945,3714.91850196883,-643.188789485925,-6119.26108642412,
19500,-4903125.99040898,-5186398.10300162,-2936661.19534452,3976.1828963691,-373.983008169905,-5975.50767871622,
19560,-4657026.50883529,-5200730.76447856,-3290411.09153818,4224.99125506213,-103.656138500184,-5813.08535260318,
19620,-4396391.69872388,-5198831.37345998,-3633868.36007887,4460.56809427272,166.944047258668,-5632.5110421588,
19680,-4122037.65212072,-5180708.96525384,-3965960.81537931,4682.18070351847,436.970010619114,-5434.35849490092,
19740,-3834823.08495332,-5146423.35143454,-4285652.34882263,4889.14134679107,705.577200642742,-5219.25616436314,
19800,-3535646.57752803,-5096084.85987538,-4591946.14420288,5080.80926665909,971.92673186023,-4987.88495882641,
19860,-3225443.70000108,-5029853.91616551,-4883887.75452401,5256.59251759253,1235.18799688548,-4740.97587256434,
19920,-2905184.03270725,-4947940.46982873,-5160568.03320005,5415.94963799335,1494.54122830997,-4479.3075012566,
19980,-2575868.09083845,-4850603.26820405,-5421125.9126527,5558.39116810589,1749.18001599006,-4203.70343782335,
20040,-2238524.16265031,-4738148.9804658,-5664751.02249153,5683.48101091588,1998.31378477207,-3915.02952376923,
20100,-1894205.07173774,-4610931.17456237,-5890686.1378604,5790.83759180693,2241.17021299737,-3614.19093790341,
20160,-1543984.87723844,-4469349.15210959,-6098229.44925601,5880.1347629647,2476.99753864259,-3302.12917189243,
20220,-1188955.5270813,-4313846.64946833,-6286736.65007234,5951.1024773927,2705.0667120102,-2979.81899414683,
20280,-830223.475351312,-4144910.41373294,-6455622.84291852,6003.52732488215,2924.6734222275,-2648.26544363013,
20340,-468906.270310658,-3963068.65934265,-6604364.26576025,6037.2529764399,3135.14006045785,-2308.50082295288,
20400,-106129.11856294,-3768889.40746198,-6732499.83632177,6052.1805304346,3335.81766904684,-1961.58163598117,
20460,256978.567389099,-3562978.70892794,-6839632.50947541,6048.26870784225,3526.08786463343,-1608.58541036775,
20520,619286.627123392,-3345978.754451,-6925430.44056463,6025.53383603118,3705.36465851507,-1250.60741554477,
20580,979667.603028266,-3118565.88046179,-6989627.9504717,5984.04963201121,3873.09611098596,-888.757347392743,
20640,1337000.17347986,-2881448.48031763,-7032026.29182477,5923.94683805353,4028.76583509134,-524.156019243672,
20700,1690172.55968237,-2635364.82976565,-7052494.21774603,5845.41271257346,4171.89435646578,-157.932093549067,
20760,2038085.89898409,-2381080.83366052,-7050968.35594719,5748.69042825122,4302.0403854025,208.781139854769,
20820,2379657.57959956,-2119387.69820363,-7027453.39021226,5634.07838494953,4418.80203269675,574.848971139529,
20880,2713824.5307654,-1851099.531505,-6982022.04875554,5501.92940371311,4521.81798113919,939.138504486169,
20940,3039546.46001778,-1577050.87577018,-6914814.89748942,5352.64976616987,4610.76858726619,1300.52192602079,
21000,3355809.02782957,-1298094.17639829,-6826039.93657393,5186.69808703591,4685.37687677217,1657.8797885014,
21060,3661626.9498745,-1015097.19521658,-6715972.00022417,5004.5840340752,4745.40940960473,2010.10427873362,
21120,3956047.01879147,-728940.375587895,-6584951.96164435,4806.86693043887,4790.67702311794,2356.10244511771,
21180,4238151.03905925,-440514.165954696,-6433385.74525529,4594.15425518332,4821.03547717967,2694.79939765081,
21240,4507058.66844154,-150716.307489267,-6261743.14728294,4367.10002477855,4836.3860042269,3025.1414965718,
21300,4761930.15838889,139550.90825948,-6070556.46539236,4126.40304257268,4836.67575952884,3346.0995293994,
21360,5001968.98512756,429383.405741644,-5860418.9377288,3872.80500014012,4821.89816932501,3656.67188957393,
21420,5226424.36147195,717878.108814665,-5631982.99142315,3607.08839716398,4792.09314256811,3955.887739439,
21480,5434593.61888224,1004135.73201968,-5385958.30351745,3330.07430711552,4747.34712345829,4242.81009187815,
21540,5625824.45207111,1287263.57101731,-5123109.67952923,3042.62002918175,4687.79301626955,4516.53881506416,
21600,5799517.01839548,1566378.2847978,-4844254.75323467,2745.6165877405,4613.60998050718,4776.21358471904,
21660,5955125.8822482,1840608.66071549,-4550261.51187155,2439.98607206633,4525.02305838628,5021.0167428323,
21720,6092161.79618444,2109098.35186076,-4242045.65346317,2126.67886109135,4422.30262749184,5250.17603351541,
21780,6210193.31259232,2371008.57690793,-3920567.78369602,1806.67074869145,4305.76370192692,5462.96721578324,
21840,6308848.21945694,2625520.77397305,-3586830.45982667,1480.95995206396,4175.76509865125,5658.71654672998,
21900,6387814.79315386,2871839.20033474,-3241875.09009776,1150.56400951998,4032.70846627315,5836.80311123182,
21960,6446842.86269462,3109193.46987202,-2886778.69800735,816.51660148686,3877.03718136804,5996.66100213191,
22020,6485744.68082436,3336841.02019455,-2522650.55941889,479.864284751917,3709.23510420536,6137.7813813763,
22080,6504395.59554767,3554069.50005363,-2150628.71991629,141.6631015866,3529.82516001124,6259.71440143754,
22140,6502734.51444374,3760199.06580641,-1771876.40276591,-197.024929970902,3339.36772544026,6362.07091853091,
22200,6480764.15622175,3954584.57544498,-1387578.32169996,-535.135387176534,3138.4588317034,6444.52394803078,
22260,6438551.08762584,4136617.66999647,-998936.91426785,-871.60502000348,2927.72821161673,6506.8098583258,
22320,6376225.54622475,4305728.73372648,-607168.511198348,-1205.37530794814,2707.83721744225,6548.72931098413,
22380,6293981.0507148,4461388.72624341,-213499.456725427,-1535.39598547881,2479.47663657108,6570.14795766114,
22440,6192073.8006964,4603110.88072226,180837.805962859,-1860.62853315561,2243.36441229345,6570.99690729957,
22500,6070821.8682927,4730452.26234183,574608.670536642,-2180.0496224978,2000.24326263585,6551.27296746906,
22560,5930604.18481204,4843015.18081532,966580.310890953,-2492.65450094368,1750.87819985867,6511.03865245703,
22620,5771859.32650028,4940448.45161389,1355525.61764089,-2797.46030039937,1496.05397279872,6450.42194530594,
22680,5595084.10448822,5022448.50225835,1740227.11319315,-3093.50925531879,1236.57246448178,6369.615825918,
22740,5400831.96413378,5088760.32141838,2119480.83195483,-3379.87183998001,973.250053357006,6268.87758045822,
22800,5189711.19875717,5139178.24834002,2492100.15229111,-3655.64981183931,706.914929177978,6148.52788352408,
22860,4962382.98436834,5173546.5998759,2856919.56720723,-3919.97913636896,438.404362229806,6008.94968112805,
22920,4719559.24153352,5191760.13148255,3212798.38222871,-4172.0328304738,168.56189135711,5850.58686622222,
22980,4462000.3301302,5193764.32689801,3558624.32409831,-4411.02365755739,-101.765556098057,5673.9426088996,
23040,4190512.59243396,5179555.51803046,3893317.03970728,-4636.206468049,-371.730402011896,5479.57742362426,
23100,3905945.76307544,5149180.84700422,4215831.48180983,-4846.88037947984,-640.486987621429,5268.1073748911,
23160,3609190.24172193,5102738.06806885,4525161.18806621,-5042.39118337822,-907.194407955436,5040.20220072183,
23220,3301174.22262489,5040375.17008376,4820341.42855198,-5222.13359750676,-1171.01958200582,4796.5827631601,
23280,2982860.70627378,4962289.82134113,5100452.18420153,-5385.5529265789,-1431.14003301485,4538.01806046102,
23340,2655244.42598307,4868728.66100521,5364620.94705863,-5532.14629231828,-1686.74624440935,4265.32234081141,
23400,2319348.7054804,4759986.45577483,5612025.35546273,-5661.46374646997,-1937.04384706264,3979.3524757349,
23460,1976222.24884445,4636405.12409749,5841895.67508786,-5773.10941953306,-2181.25587162597,3681.00540323251,
23520,1626935.86163771,4498372.62159166,6053517.12217567,-5866.74263925825,-2418.6251134134,3371.21539224594,
23580,1272579.11014482,4346321.68416817,6246232.01478691,-5942.07885181882,-2648.41648249224,3050.95105304878,
23640,914256.93328,4180728.43418941,6419441.73967461,-5998.89027918532,-2869.9192052886,2721.21220593493,
23700,553086.221824959,4002110.85989003,6572608.53046205,-6037.00636605039,-3082.448852533,2383.02673855385,
23760,190192.374884904,3811027.17682204,6705257.0579284,-6056.31410187276,-3285.34925710849,2037.44747828713,
23820,-173294.159527603,3608074.07621488,6816975.83150068,-6056.75822087075,-3477.99436588968,1685.54901827117,
23880,-536241.351194018,3393884.86464097,6907418.40856915,-6038.34124113146,-3659.79000712509,1328.42449025011,
23940,-897519.051753206,3169127.50058407,6976304.40933999,-6001.12333931205,-3830.17555792654,967.182313903241,
24000,-1256002.4467988,2934502.53404861,7023420.33652257,-5945.22208254992,-3988.62551150147,602.942944272491,
24060,-1610575.48829187,2690740.95437337,7048620.19955967,-5870.81204023797,-4134.65097507929,236.835601423124,
24120,-1960134.29937027,2438601.95016104,7051825.94105662,-5778.12424389768,-4267.80109454289,-130.005053395319,
24180,-2303590.54149462,2178870.58711899,7033027.66294155,-5667.44547482688,-4387.66436097354,-496.442259707381,
24240,-2639874.73454955,1912355.41116297,6992283.65247384,-5539.1174132028,-4493.86979916628,-861.340489610472,
24300,-2967939.52163964,1639885.98340429,6929720.2079645,-5393.53563707354,-4586.08804704567,-1223.56879455841,
24360,-3286762.86816165,1362310.35447345,6845531.26405167,-5231.14843219235,-4664.03229223797,-1582.00412343394,
24420,-3595351.18515322,1080492.48708041,6739977.8213125,-5052.45547881558,-4727.45906970456,-1935.5345173847,
24480,-3892742.37311033,795309.632931057,6613387.18738397,-4858.00652402548,-4776.16899991921,-2283.06221865933,
24540,-4178008.78551149,507649.66575808,6466152.03057289,-4648.4000166708,-4810.0075132803,-2623.50683263409,
24600,-4450260.10632439,218408.372166238,6298729.24033914,-4424.28158479173,-4828.86551979431,-2955.80860202726,
24660,-4708646.129149,-71513.2940593723,6111638.5893046,-4186.34227483505,-4832.67994491496,-3278.93173092417,
24720,-4952359.42402898,-361211.984560107,5905461.19686238,-3935.31657851312,-4821.4340897531,-3591.86766341361,
24780,-5180637.8806917,-649784.745482886,5680837.79818837,-3671.98028844357,-4795.15782058349,-3893.63829004347,
24840,-5392767.11811488,-936331.812738575,5438466.82381004,-3397.1481917208,-4753.92758555051,-4183.2990460337,
24900,-5588082.75227286,-1219959.40356845,5179102.29764663,-3111.67166126718,-4697.86628212969,-4459.94186472621,
24960,-5765972.51749479,-1499782.49673384,4903551.56124138,-2816.43618429067,-4627.14301483665,-4722.69802844568,
25020,-5925878.23688708,-1774927.59507376,4612672.8288153,-2512.35879453387,-4541.97274721164,-4970.74095849886,
25080,-6067297.63498281,-2044535.46354256,4307372.57708641,-2200.38538080985,-4442.61583014795,-5203.28892816559,
25140,-6189785.98546109,-2307763.83504929,3988602.77496706,-1881.48788215007,-4329.3773995904,-5419.60768945703,
25200,-6292957.58687912,-2563790.07591248,3657357.95778715,-1556.66135300287,-4202.60662733402,-5619.0130291843,
25260,-6376487.05748595,-2811813.80109131,3314672.15089285,-1226.92086646955,-4062.69579332498,-5800.87322406656,
25320,-6440110.43968379,-3051059.42807355,2961615.65074889,-893.298269247783,-3910.07916416497,-5964.61132173632,
25380,-6483626.10641785,-3280778.6577262,2599291.67576341,-556.83883781344,-3745.23169022794,-6109.7072024302,
25440,-6506895.4653717,-3500252.87265469,2228832.89971977,-218.59788394679,-3568.66755958535,-6235.69943211019,
25500,-6509843.4581409,-3708795.44457047,1851397.88002366,120.362683211,-3380.93861169192,-6342.18691683497,
25560,-6492458.85202782,-3905753.94227935,1468167.39259487,458.977830795769,-3182.63261072012,-6428.83035911044,
25620,-6454794.32256637,-4090512.23189976,1080340.68558489,796.182901882863,-2974.37138140305,-6495.35350549893,
25680,-6396966.32564254,-4262492.46140897,689131.664580026,1130.91712813633,-2756.80881919364,-6541.54418439745,
25740,-6319154.75837399,-4421156.92205235,295765.02163396,1462.12716100407,-2530.628773106,-6567.25513935689,
25800,-6221602.40739638,-4566009.77847398,-98527.6788757803,1788.77062390329,-2296.54278533416,-6572.40462645939,
25860,-6104614.18435122,-4696598.65908389,-492511.942001906,2109.81964376662,-2055.28769763627,-6556.9767333884,
25920,-5968556.15136207,-4812516.09965598,-884954.294701908,2424.26431458476,-1807.62315807147,-6521.02142073852,
25980,-5813854.34126646,-4913400.83501183,-1274626.23290886,2731.11607310486,-1554.32905389768,-6464.65430286491,
26040,-5640993.3783081,-4998938.93496046,-1660308.14801075,3029.41097218384,-1296.202890146,-6388.05618429584,
26100,-5450514.90563627,-5068864.78160287,-2040793.21880189,3318.21284862428,-1034.05712307233,-6291.4723756836,
26160,-5243015.82561735,-5122961.8851513,-2414891.25591162,3596.616395883,-768.716442814777,-6175.21179101396,
26220,-5019146.35881069,-5161063.53517957,-2781432.48494899,3863.75013156776,-501.01500682476,-6039.64580411543,
26280,-4779607.92888013,-5183053.2848069,-3139271.25353085,4118.77922573727,-231.793641376077,-5885.20685560241,
26340,-4525150.8828582,-5188865.26664023,-3487289.64756314,4360.90815629755,38.1029635218319,-5712.38682504746,
26400,-4256572.05775266,-5178484.34087435,-3824401.00351314,4589.38317455516,307.829039718717,-5521.73519705634,
26460,-3974712.20487203,-5151946.07736219,-4149553.30518636,4803.4945838525,576.540487235552,-5313.85704914372,
26520,-3680453.28285592,-5109336.57434548,-4461732.45489263,5002.57883787917,843.397571675117,-5089.41087930717,
26580,-3374715.63019192,-5050792.1169069,-4759965.40984947,5186.0204597615,1107.56756911343,-4849.10628915123,
26640,-3058455.0278696,-4976498.67832686,-5043323.1756128,5353.25378589502,1368.22735765596,-4593.70153681682,
26700,-2732659.66258247,-4886691.26757653,-5310923.64900479,5503.76453725832,1624.56595433368,-4324.00096865298,
26760,-2398347.00083345,-4781653.12627559,-5561934.3034943,5637.09121777271,1875.78699587937,-4040.85233678763,
26820,-2056560.58440393,-4661714.77856386,-5795574.71026066,5752.82633604835,2121.11115935198,-3745.1440042694,
26880,-1708366.75802765,-4527252.9378938,-6011118.88826116,5850.61744200727,2359.77850745671,-3437.80204191908,
26940,-1354851.34055547,-4378689.27584016,-6207897.47731163,5930.16797408154,2591.05074031663,-3119.78723602631,
27000,-997116.250862616,-4216489.05885867,-6385299.72954629,5991.23792186892,2814.21334437299,-2792.09203009167,
27060,-636276.099291051,-4041159.65933298,-6542775.31588216,6033.64431447003,3028.57763326263,-2455.73741926282,
27120,-273454.75471517,-3853248.94747523,-6679835.94505399,6057.26154592847,3233.48267788607,-2111.76980998671,
27180,90218.1031529835,-3653343.57090499,-6796056.79361512,6062.02154341458,3428.29711935673,-1761.25786476328,
27240,453610.43748651,-3442067.12880388,-6891077.74713611,6047.91380887124,3612.42087606363,-1405.28936858485,
27300,815591.308145455,-3220078.24546408,-6964604.45388653,6014.9853853552,3785.28680185537,-1044.96810095164,
27360,1175034.32102688,-2988068.5442302,-7016409.18856135,5963.34072964062,3946.36235263094,-681.410612668203,
27420,1530821.06374688,-2746760.5224651,-7046331.51811527,5893.14135784822,4095.15119267033,-315.742859635705,
27480,1881844.51156423,-2496905.33541513,-7054278.76400023,5804.60522174702,4231.19461283066,50.9031884377063,
27540,2227012.39102302,-2239280.50109175,-7040226.2639533,5698.00594822873,4354.07275797051,417.392830185202,
27600,2565250.49647947,-1974687.53460191,-7004217.43920789,5573.67203057616,4463.40576530595,782.591854776473,
27660,2895505.95570609,-1703949.5158971,-6946363.66796415,5431.98592833509,4558.85484336127,1145.36978305371,
27720,3216750.43734971,-1427908.5949774,-6866843.96389144,5273.38302455615,4640.12327615552,1504.60311951977,
27780,3527983.29134217,-1147423.43922437,-6765904.45994341,5098.35043626566,4706.95734710407,1859.17858800791,
27840,3828234.61402156,-863366.627991408,-6643857.69845579,4907.42569710757,4759.14717039466,2207.99635587201,
27900,4116568.23059891,-576622.000436681,-6501081.72775491,4701.19531893117,4796.52741677835,2549.97326159992,
27960,4392084.58737609,-288081.9632308,-6338019.00477746,4480.29321802026,4818.97792227882,2884.04605307407,
28020,4653923.54495859,1355.23419820434,-6155175.10355527,4245.39898779195,4826.42415861866,3209.17461317615,
28080,4901267.06352457,290788.24849601,-5953117.23165821,3997.23603285796,4818.83757044714,3524.3451312097,
28140,5133341.77241616,579315.408442756,-5732472.55798159,3736.56957660223,4796.23581775871,3828.57322481468,
28200,5349421.41561806,866037.492822421,-5493926.35419166,3464.20451126805,4758.68292098581,4120.9070279476,
28260,5548829.1633762,1150060.51298223,-5238219.95255968,3180.98309115562,4706.28926646085,4400.43021792151,
28320,5730939.78155278,1430498.49112085,-4966148.52446591,2887.78250045694,4639.21145970504,4666.26496584624,
28380,5895181.6513369,1706476.22552019,-4678558.68422118,2585.51229473105,4557.65203931863,4917.57480743002,
28440,6041038.63133533,1977132.03463349,-4376345.92339179,2275.1117055272,4461.85905764964,5153.56741870594,
28500,6168051.75427067,2241620.47182165,-4060451.88186137,1957.54682907954,4352.12552090731,5373.49728220853,
28560,6275820.75221527,2499115.00228635,-3731861.4616356,1633.80771951998,4228.78868828899,5576.66827146756,
28620,6364005.40314841,2748810.63304021,-3391599.78716852,1304.90532494596,4092.2291967519,5762.43617722597,
28680,6432326.68766186,2989926.483569,-3040729.018151,971.868228941104,3942.86995474834,5930.21107424828,
28740,6480567.74656087,3221708.28370323,-2680345.02811138,635.739293601292,3781.17483568356,6079.45942088388,
28800,6508574.63646998,3443430.78913732,-2311573.96449244,297.572287394011,3607.64724780028,6209.70592371926,
28860,6516256.88237411,3654400.10780789,-1935568.70229617,-41.5715171941447,3422.82858940274,6320.53522351106,
28920,6503587.82460619,3853955.92974943,-1553505.2021134,-380.626792886303,3227.29657645783,6411.59339313794,
28980,6470604.75756485,4041473.65289865,-1166578.78413197,-718.527650886225,3021.66344609236,6482.58924103389,
29040,6417408.85741644,4216366.3970262,-776000.329858854,-1054.21118136055,2806.57402007571,6533.29541320466,
29100,6344164.89636743,4378086.89689444,-382992.424666283,-1386.62102010644,2582.70361624664,6563.54925749032,
29160,6251100.74335784,4526129.26590637,11214.5438836576,-1714.71089439933,2350.75582360457,6573.25343402035,
29220,6138506.65335254,4660030.6226574,405386.316811443,-2037.44812065341,2111.46016121565,6562.37627381015,
29280,6006734.3487058,4779372.57432652,798288.708402988,-2353.81703513973,1865.56965341599,6530.95188613008,
29340,5856195.89688205,4883782.55268961,1188691.55038039,-2662.8223512105,1613.85834238426,6479.08003869847,
29400,5687362.38898695,4972934.99881756,1575372.62267612,-2963.49244226923,1357.1187289946,6406.92583400807,
29460,5500762.42318747,5046552.39162262,1957121.55883834,-3254.88256704132,1096.15912407801,6314.71918411661,
29520,5296980.39578278,5104406.11449321,2332743.7129228,-3536.07805698471,831.800899075629,6202.75404178358,
29580,5076654.60268046,5146317.15391109,2701063.9710093,-3806.19743526829,564.875638134441,6071.38730767953,
29640,4840475.15907161,5172156.62572889,3060930.48582261,-4064.39532823693,296.222261134224,5921.03736527961,
29700,4589181.75401572,5181846.13094872,3411218.31523051,-4309.86505269739,26.6842311313954,5752.18237553032,
29760,4323561.25826832,5175357.94759499,3750832.95568257,-4541.84094225938,-242.893115368797,5565.35850014688,
29820,4044445.19629123,5152715.06570702,4078713.76921274,-4759.60058403674,-511.665142734832,5361.1581383188,
29880,3752707.08158597,5113991.06637561,4393837.30381937,-4962.46715382081,-778.790583467319,5140.22809507845,
29940,3449259.61121801,5059309.83366976,4695220.49384179,-5149.81171659129,-1043.4344311391,4903.26736423476,
30000,3135051.73240347,4988845.09174342,4981923.71304124,-5321.05515030936,-1304.7708159185,4651.0244654958,
30060,2811065.60695407,4902819.7770046,5253053.66159473,-5475.66964866382,-1561.985609329,4384.29462664061,
30120,2478313.49339958,4801505.26156171,5507766.08567931,-5613.17999856022,-1814.27880329414,4103.91703472188,
30180,2137834.55518808,4685220.4368312,5745268.33351495,-5733.16477567981,-2060.86680914058,3810.77211208978,
30240,1790691.5996823,4554330.66019354,5964821.74599562,-5835.25744699271,-2300.98472684453,3505.77871778716,
30300,1437967.75509657,4409246.56587963,6165743.87643766,-5919.14732910825,-2533.88860430066,3189.89124717418,
30360,1080763.09541413,4250422.74071628,6347410.53273789,-5984.58035627222,-2758.85767472156,2864.09661050798,
30420,720191.225791091,4078356.26804779,6509257.63496667,-6031.35962929829,-2975.19649990081,2529.41111184364,
30480,357375.840847128,3893585.14726947,6650782.8843318,-6059.34578074319,-3182.2369719961,2186.87729035569,
30540,-6552.73471520074,3696686.59713518,6771547.24195714,-6068.45720176342,-3379.34019097909,1837.56073768529,
30600,-370461.014904601,3488275.24945373,6871176.21578902,-6058.67012600876,-3565.89824473664,1482.54688522384,
30660,-733215.821540446,3269001.23849699,6949360.95397227,-6030.01855367628,-3741.33590521995,1122.9377675171,
30720,-1093687.74394147,3039548.19140429,7005859.14377355,-5982.59401734162,-3905.11223041183,759.848781678131,
30780,-1450754.5806385,2800631.12524552,7040495.71633569,-5916.54522210469,-4056.72207732714,394.40545302865,
30840,-1803304.75588385,2552994.25555702,7053163.35678495,-5832.07756012748,-4195.69753876268,27.7401764731729,
30900,-2150240.70248346,2297408.72160491,7043822.8181537,-5729.45247314872,-4321.60927626674,-339.011056288087,
30960,-2490482.20263478,2034670.23511551,7012503.03967279,-5608.9867007269,-4434.06774341714,-704.711903755297,
31020,-2822969.68115737,1765596.65782548,6959301.0701009,-5471.05144077458,-4532.72434028284,-1068.22893935542,
31080,-3146667.444272,1491025.51192314,6884381.79327403,-5316.0713620582,-4617.27248794226,-1428.43497829876,
31140,-3460566.85370575,1211811.42958494,6787977.45331735,-5144.52343900857,-4687.44858092793,-1784.21241631701,
31200,-3763689.42654959,928823.548739015,6670386.98034343,-4956.93564848431,-4743.03283406674,-2134.45654382576,
31260,-4055089.8528352,642942.860621048,6531975.11691525,-4753.88552082665,-4783.85003746186,-2478.07888139348,
31320,-4333858.92013987,355059.516483452,6373171.34381035,-4535.99848385987,-4809.77014806455,-2814.01051695451,
31380,-4599126.33347722,66070.1047900562,6194468.60894437,-4303.94605068472,-4820.70869152329,-3141.2053109191,
31440,-4850063.42506233,-223125.092668538,5996421.86835243,-4058.44397041465,-4816.62708307881,-3458.64297692574,
31500,-5085885.75121615,-511624.863042225,5779646.44254474,-3800.25029518169,-4797.53291378154,-3765.33216939416,
31560,-5305855.56831449,-798529.839258041,5544816.18707596,-3530.16327646706,-4763.48013925205,-4060.31357969573,
31620,-5509284.17740226,-1082945.28428622,5292661.47806666,-3249.01909086266,-4714.56913616825,-4342.6630073242,
31680,-5695534.12666163,-1363983.87423888,5023967.01461617,-2957.68937175898,-4650.94660009793,-4611.4943821013,
31740,-5864021.26035792,-1640768.46974639,4739569.44336798,-2657.07857326791,-4572.80525601423,-4865.96265873948,
31800,-6014216.60660438,-1912434.86471163,4440354.81393778,-2348.12124235952,-4480.38339888338,-5105.26656377511,
31860,-6145648.09930758,-2178134.50310391,4127255.873366,-2031.77921912712,-4373.96429162052,-5328.65121652837,
31920,-6257902.12996507,-2437037.15594076,3801249.20686396,-1709.0387652411,-4253.87544381019,-5535.4106346895,
31980,-6350624.92477952,-2688333.55167278,3463352.23095473,-1380.9076078049,-4120.48777796629,-5724.89015528579,
32040,-6423523.74107717,-2931237.95277483,3114620.04316842,-1048.41186454959,-3974.21466289169,-5896.4887938582,
32100,-6476367.87418748,-3164990.66863429,2756142.13318834,-712.592796160158,-3815.51075015629,-6049.66149167346,
32160,-6508989.46460074,-3388860.49277755,2389038.96423651,-374.50340077165,-3644.87061638005,-6183.92118035482,
32220,-6521284.09679701,-3602147.05272275,2014458.43814893,-35.2048859532245,-3462.82721114449,-6298.8405829225,
32280,-6513211.18495239,-3804183.06163949,1633572.26145916,304.236888647199,-3269.95014371438,-6394.05371179422,
32340,-6484794.14683089,-3994336.46372481,1247572.2297175,642.754905884872,-3066.84386242661,-6469.25711275657,
32400,-6436120.36971803,-4172012.4679002,857666.442169471,979.284442138304,-2854.14575057135,-6524.21095487416,
32460,-6367340.96836323,-4336655.4638645,465075.455085624,1312.76656014276,-2632.52410041076,-6558.7399771499,
32520,-6278670.33147743,-4487750.81194883,71028.3843671757,1642.15165936624,-2402.67593058441,-6572.73421989075,
32580,-6170385.45463618,-4624826.49748524,-323241.027817597,1966.40303651798,-2165.32465699991,-6566.14948786705,
32640,-6042825.0603406,-4747454.64174233,-716498.365825177,2284.50041504533,-1921.21764477081,-6539.00753427948,
32700,-5896388.50791915,-4855252.86289238,-1107512.49581072,2595.44341517105,-1671.12366044089,-6491.39595741597,
32760,-5731534.49809861,-4947885.48175924,-1495059.50602956,2898.25491984957,-1415.8302518982,-6423.46780715607,
32820,-5548779.57975859,-5025064.56914016,-1877926.61560804,3191.98429977162,-1156.14109277987,-6335.44093619243,
32880,-5348696.4673732,-5086550.83313725,-2254916.03804859,3475.71050309215,-892.873303467965,-6227.59714671702,
32940,-5131912.1763903,-5132154.34445362,-2624848.78780301,3748.54503771224,-626.854723629783,-6100.28114130385,
33000,-4899105.98307164,-5161735.09632705,-2986568.41683519,4009.63483210947,-358.921133740416,-5953.89923058458,
33060,-4651007.21768327,-5175203.39773732,-3338944.66619964,4258.16492419058,-89.9134868752971,-5788.91780269102,
33120,-4388392.90145597,-5172520.10160883,-3680877.020402,4493.36098662255,179.32482721814,-5605.86162130843,
33180,-4112085.23617676,-5153696.66889946,-4011298.15474144,4714.49171353639,447.950721432393,-5405.31195433202,
33240,-3822948.95532805,-5118795.06820401,-4329177.26443542,4920.87104215059,715.12414867677,-5187.9045029903,
33300,-3521888.54761548,-5067927.51223356,-4633523.26387328,5111.86018408561,980.01079646485,-4954.32715021808,
33360,-3209845.36414432,-5001256.03431691,-4923387.84618462,5286.86947448985,1241.78472522231,-4705.31755846706,
33420,-2887794.62006958,-4918991.90830491,-5197868.39425203,5445.36003786203,1499.63094792342,-4441.66062022156,
33480,-2556742.30225622,-4821394.9159291,-5456110.73469221,5586.84525326408,1752.74793164885,-4164.18577905013,
33540,-2217721.99500383,-4708772.46677152,-5697311.72825148,5710.89202376356,2000.35000891892,-3873.7642622237,
33600,-1871791.63481079,-4581478.57607362,-5920721.69219508,5817.12187711758,2241.66970767101,-3571.30624928604,
33660,-1520030.20358535,-4439912.70476841,-6125646.65082021,5905.21191874838,2475.9600165366,-3257.75797150605,
33720,-1163534.36910046,-4284518.46521946,-6311450.40930215,5974.89563430825,2702.49659658197,-2934.09871885325,
33780,-803415.082562832,-4115782.19611002,-6477556.44459532,6025.96350937617,2920.57992551877,-2601.33773382299,
33840,-440794.145444008,-3934231.41189434,-6623449.60704134,6058.26343171293,3129.53732549041,-2260.51101768506,
33900,-76800.7584033272,-3740433.13507796,-6748677.62956007,6071.70089444436,3328.72484021398,-1912.67812265587,
33960,287431.937500718,-3534992.11985662,-6852852.4451518,6066.23905876602,3517.52898726131,-1558.91897031909,
34020,650770.319887788,-3318548.97326334,-6935651.31376132,6041.89869953263,3695.3684257921,-1200.33067278011,
34080,1012083.73693707,-3091778.17864556,-6996817.75791862,5998.75801892316,3861.69554469658,-838.024336769899,
34140,1370247.94413808,-2855386.02637789,-7036162.30642565,5936.95232666755,4015.99796126838,-473.121867421031,
34200,1724148.51808269,-2610108.45752665,-7053563.04694501,5856.67360399701,4157.79993337172,-106.75279318135,
34260,2072684.24175924,-2356708.82404364,-7048965.98803571,5758.16999034477,4286.66373452718,259.94892053053,
34320,2414770.45601338,-2095975.56711294,-7022385.22759093,5641.74515493856,4402.19100383205,625.848153787489,
34380,2749342.36721516,-1828719.81701172,-6973902.92040158,5507.75745007423,4504.0239907961,989.812034480181,
34440,3075358.29692477,-1555772.92419308,-6903669.04116241,5356.61883789402,4591.84659702823,1350.71332714589,
34500,3391802.86313309,-1277983.93313332,-6811900.9473709,5188.79369976681,4665.38526039027,1707.43371309998,
34560,3697690.08784035,-996217.005358415,-6698882.74751912,5004.79756827854,4724.40977413766,2058.86701514811,
34620,3992066.42520764,-711348.794891364,-6564964.47559234,4805.19573821157,4768.73404796192,2403.9224367934,
34680,4274013.70133317,-424265.781136319,-6410561.07047528,4590.60170277708,4798.21675391632,2741.5278175246,
34740,4542651.95498356,-135861.567686549,-6236151.16184514,4361.67542924575,4812.76181869902,3070.63281001433,
34800,4797142.17256557,152965.845308437,-6042275.66879732,4119.12156981054,4812.31882764221,3390.21195898193,
34860,5036688.91384202,441316.81159001,-5829536.21378169,3863.68759499804,4796.88337736441,3699.2677945783,
34920,5260542.82118472,728292.807751391,-5598593.34952243,3596.16176738253,4766.4973317344,3996.83396878778,
34980,5468003.00124406,1012999.21340147,-5350164.59738179,3317.37091033324,4721.24892987625,4281.97839519298,
35040,5658419.26646716,1294548.09200762,-5085022.29904295,3028.177974167,4661.27269555004,4553.80631698431,
35100,5831194.22600065,1572060.96034368,-4803991.28807168,2729.47946028254,4586.74915445257,4811.46323787434,
35160,5985785.21889762,1844671.53625682,-4507946.38996866,2422.20274358551,4497.90439980214,5054.13770876655,
35220,6121706.08409005,2111528.45654696,-4197809.75929573,2107.30331310081,4395.00953548469,5281.06397392157,
35280,6238528.7627466,2371797.95845618,-3874548.06140791,1785.7619417861,4278.38002177453,5491.52451465756,
35340,6335884.72770527,2624666.51864671,-3539169.50337787,1458.58174242374,4148.37490483912,5684.85253464001,
35400,6413466.23165147,2869343.44120793,-3192720.7181111,1126.78506728109,4005.39588155149,5860.43435803765,
35460,6471027.36470921,3105063.38403474,-2836283.50877167,791.410259751003,3849.88618004968,6017.71167864263,
35520,6508384.91338856,3331088.81255182,-2470971.46384949,453.508286555752,3682.32925776553,6156.18361670896,
35580,6525419.01485076,3546712.36997981,-2097926.45543212,114.139291133811,3503.24732416667,6275.40855088947,
35640,6522073.60328573,3751259.15436445,-1718315.03459657,-225.63088232194,3313.1997161183,6375.00571847027,
35700,6498356.64737491,3944088.8944554,-1333324.73686281,-564.734179970817,3112.78115257518,6454.65662116516,
35760,6454340.17675407,4124598.01700429,-944160.30843825,-902.103890163826,2902.61985481142,6514.10625540502,
35820,6390160.09282363,4292221.5964332,-552039.865544173,-1236.6782739221,2683.37550306753,6553.16409581045,
35880,6306015.76137524,4446435.17728089,-158191.00410346,-1567.40418743614,2455.7370462717,6571.70476346432,
35940,6202169.390631,4586756.46196939,236153.121965278,-1893.24060389022,2220.42040888614,6569.66841726591,
36000,6078945.20140623,4712746.85841969,629757.739528101,-2213.16202435619,1978.16611352398,6547.06094141337,
36060,5936728.3950137,4824012.88259731,1021390.40129743,-2526.16182006833,1729.73682119441,6503.95397105733,
36120,5775963.92082278,4920207.41035146,1409824.92703953,-2831.25557602393,1475.91476150601,6440.48472106292,
36180,5597155.04362926,5001030.77167184,1793845.32555826,-3127.48440234961,1217.49905975529,6356.85550201372,
36240,5400861.71606906,5066231.68349766,2172249.6779986,-3413.91811051633,955.303040517078,6253.33292955723,
36300,5187698.76489532,5115608.02098782,2543853.96693091,-3689.65824823897,690.151537330917,6130.24691948159,
36360,4958333.89841652,5149007.42679861,2907495.83955132,-3953.84102918676,422.878175873454,5987.98949431099,
36420,4713485.54139955,5166327.75558868,3262038.29289496,-4205.64014847454,154.322595518945,5827.01337003543,
36480,4453920.50561875,5167517.35025322,3606373.26675631,-4444.26943748549,-114.672372647206,5647.83029075698,
36540,4180451.50686702,5152575.14895284,3939425.12936106,-4668.98532407192,-383.263516799472,5451.00912448735,
36600,3893934.54061331,5121550.62454919,4260154.04218527,-4879.08907806626,-650.610014082819,5237.17373903944,
36660,3595266.13084704,5074543.5610731,4567559.19135717,-5073.92878348211,-915.87606967215,5007.00069981539,
36720,3285380.46783996,5011703.67801316,4860681.88104238,-5252.90110698867,-1178.23336643587,4761.21701465632,
36780,2965246.43886887,4933230.10687396,5138608.49479361,-5415.45313027515,-1436.8636011036,4500.59793817807,
36840,2635864.54779175,4839370.70792887,5400473.31608115,-5561.08416542224,-1690.96124967008,4225.96440761698,
36900,2298263.73535459,4730421.22205865,5645461.18075761,-5689.34720996997,-1939.73623600563,3938.18004959643,
36960,1953498.12428682,4606724.27108748,5872809.94581472,-5799.85002430966,-2182.41631679222,3638.14809984939,
37020,1602643.70718587,4468668.22099213,6081812.77482814,-5892.25597777216,-2418.24928843457,3326.80837435144,
37080,1246794.98896617,4316685.91603962,6271820.24315,-5966.28472664417,-2646.50508783376,3005.13429209816,
37140,887061.591699918,4151253.28902989,6442242.26606802,-6021.71280432609,-2866.47783217461,2674.1299426397,
37200,524564.825448585,3972887.84949922,6592549.84995916,-6058.37416048066,-3077.48785154354,2334.8270963577,
37260,160434.229990826,3782147.05044096,6722276.65971863,-6076.16057452741,-3278.88369618564,1988.28206352108,
37320,-204195.902165603,3579626.53704021,6831020.39341932,-6075.02185606149,-3470.04405074783,1635.57242057068,
37380,-568190.007663027,3365958.28473716,6918443.95866429,-6054.96581010995,-3650.37950399934,1277.79368993852,
37440,-930414.726081865,3141808.63565043,6984276.45050767,-6016.05801393092,-3819.33417086571,916.056054943302,
37500,-1289742.35646355,2907876.24127398,7028313.93390213,-5958.42147471881,-3976.38720159703,551.481125742934,
37560,-1645054.29072808,2664889.91700309,7050420.03262039,-5882.23620217724,-4121.05421684466,185.1987120861,
37620,-1995244.41825191,2413606.41243802,7050526.32329788,-5787.73866498864,-4252.88867704247,-181.656450513803,
37680,-2339222.4930172,2154808.10224509,7028632.53174562,-5675.22108217734,-4371.48315592535,-547.948009793936,
37740,-2675917.4532424,1889300.6038406,6984806.53097412,-5545.03055181394,-4476.47050795079,-912.541291557696,
37800,-3004280.68433372,1617910.32795085,6919184.14230595,-5397.56803368872,-4567.52493752179,-1274.3065686265,
37860,-3323289.21664615,1341481.96840968,6831968.74154503,-5233.28720045238,-4644.36295227514,-1632.12228289366,
37920,-3631948.8520895,1060875.93792861,6723430.67385547,-5052.69322789111,-4706.74422067801,-1984.87820585383,
37980,-3929297.21712815,776965.75373334,6593906.47867291,-4856.34154133447,-4754.47239063069,-2331.478631194,
38040,-4214406.73671993,490635.375591321,6443797.91983485,-4644.83641275323,-4787.39584612988,-2670.84567650511,
38100,-4486387.51718853,202776.502309825,6273570.8156137,-4418.82932360312,-4805.40832315528,-3001.92263108218,
38160,-4744390.12454133,-85714.1635928491,6083753.66959935,-4179.01713193439,-4808.4493585525,-3323.67723228849,
38220,-4987608.24906784,-373937.674377293,5874936.10777559,-3926.14012128769,-4796.50462342424,-3635.10485929433,
38280,-5215281.24895511,-660995.612844744,5647767.12446905,-3660.97990473397,-4769.60615868856,-3935.23172079507,
38340,-5426696.5617211,-945992.877227741,5402953.13733221,-3384.35711096521,-4727.83242698355,-4223.11801313901,
38400,-5621191.97164558,-1228040.4627206,5141255.85717383,-3097.12892033693,-4671.30816115427,-4497.86091996137,
38460,-5798157.7272548,-1506258.23019748,4863489.9824452,-2800.18653083807,-4600.20409805723,-4758.59747235088,
38520,-5957038.50389304,-1779777.6556014,4570520.72483808,-2494.45252422889,-4514.73659481668,-5004.50731712513,
38580,-6097335.20531966,-2047744.55246552,4263261.17187063,-2180.87813679841,-4415.16711923675,-5234.81538384463,
38640,-6218606.59863894,-2309321.76022471,3942669.49196385,-1860.44042864269,-4301.80161681136,-5448.79447047497,
38700,-6320470.77567832,-2563691.79040129,3609745.9869536,-1534.13932588281,-4174.989736472,-5645.76773851038,
38760,-6402606.4328145,-2810059.42174617,3265529.99837535,-1202.99452904985,-4035.12390335363,-5825.11108741636,
38820,-6464753.96179121,-3047654.23496696,2911096.67575696,-868.042306500016,-3882.63822667552,-5986.25537235788,
38880,-6506716.34538097,-3275733.07681958,2547553.6170728,-530.332203938978,-3718.00724524362,-6128.68845241891,
38940,-6528359.85339702,-3493582.44464937,2176037.39075963,-190.923672496509,-3541.74452558547,-6251.95708932802,
39000,-6529614.53311612,-3700520.78169759,1797709.94910469,149.117411257999,-3354.40108723795,-6355.66865912199,
39060,-6510474.48851004,-3895900.67279738,1413754.94601474,488.722294980453,-3156.56366089219,-6439.49262285114,
39120,-6470997.94567987,-4079110.93111833,1025373.97384808,826.822923389807,-2948.85280045924,-6503.16175700161,
39180,-6411307.10352714,-4249578.56730268,633782.7334301,1162.35552256623,-2731.92085044376,-6546.47314765304,
39240,-6331587.76955938,-4406770.63253306,240207.152012465,1494.26417213185,-2506.44978070835,-6569.2889297693,
39300,-6232088.78241525,-4550195.92841804,-154120.535592364,1821.50434102452,-2273.14891576254,-6571.53677840632,
39360,-6113121.22330269,-4679406.57772146,-547965.728118133,2143.04638823174,-2032.75256686496,-6553.2101565201,
39420,-5975057.41883823,-4793999.45023553,-940095.405938756,2457.87900786245,-1786.01757499759,-6514.36829678388,
39480,-5818329.7401621,-4893617.43938982,-1329282.07019736,2765.01256745538,-1533.72079932544,-6455.13592871955,
39540,-5643429.20535459,-4977950.58724103,-1714307.65957518,3063.48233209481,-1276.65657387266,-6375.70281836175,
39600,-5450903.89038833,-5046737.0550603,-2093967.43483258,3352.35163340667,-1015.63409332905,-6276.3231497521,
39660,-5241357.15071121,-5099763.9335445,-2467073.81973555,3630.71500893023,-751.474677618087,-6157.31467166537,
39720,-5015445.6568395,-5136867.88549339,-2832460.1813979,3897.70124578186,-485.008931381704,-6019.05752239769,
39780,-4773877.25290607,-5157935.61671216,-3188984.53009278,4152.4762215057,-217.073875382904,-5861.99272900687,
39840,-4517408.65243822,-5162904.17647531,-3535533.12152503,4394.24549129023,51.4898540486698,-5686.62047853822,
39900,-4246842.98500484,-5151761.09257044,-3871023.9512545,4622.25668702264,319.840726413915,-5493.49825894799,
39960,-3963027.2030278,-5124544.3440054,-4194410.13353235,4835.80177997539,587.139013239815,-5283.23885761125,
40020,-3666849.35742353,-5081342.17243243,-4504683.15498925,5034.21918527283,852.54946507714,-5056.50819147913,
40080,-3359235.75221024,-5022292.73392686,-4800875.99345528,5216.89569146037,1115.24395484325,-4814.02298452563,
40140,-3041147.98859185,-4947583.59327193,-5082066.09308276,5383.26821444304,1374.40408319268,-4556.54829969919,
40200,-2713579.9093105,-4857451.06343538,-5347378.18690222,5532.82536536932,1629.22372881071,-4284.8949218014,
40260,-2377554.45483868,-4752179.39444909,-5595986.95822294,5665.10882046954,1878.91151331507,-3999.91660795105,
40320,-2034120.44327244,-4632099.81740504,-5827119.53402153,5779.71449649204,2122.69316575577,-3702.50724315001,
40380,-1684349.28519309,-4497589.44942182,-6040057.80559398,5876.29354516982,2359.81379416338,-3393.59793003739,
40440,-1329331.64396007,-4349070.06490955,-6234140.57299706,5954.55318025698,2589.54007187408,-3074.15402731274,
40500,-970174.051007227,-4187006.73792344,-6408765.51041843,6014.25735250105,2811.16235138465,-2745.17214153094,
40560,-607995.485093514,-4011906.35942557,-6563390.94930786,6055.22727432815,3023.99672133375,-2407.67705656147,
40620,-243923.9250921,-3824316.03308,-6697537.47486921,6077.34177257233,3227.38699244387,-2062.71858184693,
40680,120907.112728458,-3624821.35514839,-6810789.33136484,6080.53745288027,3420.70656723073,-1711.36833824711,
40740,485362.042117797,-3414044.5864527,-6902795.63390447,6064.80869850243,3603.36016786316,-1354.71652905094,
40800,848306.670214701,-3192642.7245048,-6973271.3867946,6030.20754157013,3774.78544232712,-993.868721907715,
40860,1208611.64984527,-2961305.48169282,-7021998.30884109,5976.84342268859,3934.45449826144,-629.94262724395,
40920,1565155.91331109,-2720753.17330952,-7048825.46487582,5904.88280598663,4081.87536863252,-264.06486166956,
40980,1916830.07840848,-2471734.51996479,-7053669.70265211,5814.5486421802,4216.59340089198,102.632303347812,
41040,2262539.81786433,-2215024.36944216,-7036515.89452502,5706.11968654088,4338.19254785583,469.014193778199,
41100,2601209.18389585,-1951421.34434631,-6997416.98434272,5579.92968888928,4446.29655149492,833.946972369497,
41160,2931783.88079965,-1681745.42165896,-6936493.84049208,5436.36647359995,4540.57003211961,1196.30086066131,
41220,3253234.47934302,-1406835.44914764,-6853934.9160049,5275.87092049195,4620.71950925537,1554.95335211369,
41280,3564559.56679744,-1127546.60202863,-6749995.71519729,5098.93583292645,4686.49437135984,1908.79245622174,
41340,3864788.82459986,-844747.783761569,-6624998.06380551,4906.10465028354,4737.68775830582,2256.72000524108,
41400,4152986.02338576,-559318.977955928,-6479329.17937788,4697.96998012828,4774.137302264,2597.65499706275,
41460,4428251.92458549,-272148.56047466,-6313440.54136617,4475.17195266492,4795.72571501414,2930.53692074418,
41520,4689727.07813284,15869.4193961699,-6127846.5632928,4238.39640496191,4802.38123380348,3254.32902241845,
41580,4936594.50648098,303837.98057232,-5923123.07153283,3988.37291059914,4794.07793710858,3568.0214819758,
41640,5168082.26641955,590859.967068797,-5699905.59646186,3725.87268204914,4770.83593884559,3870.634491869,
41700,5383465.88194325,876040.812926775,-5458887.48138622,3451.70637314316,4732.72146081978,4161.22125627994,
41760,5582070.64258044,1158491.30770371,-5200817.81353187,3166.72179336608,4679.8467797914,4438.87092355806,
41820,5763273.76206117,1437330.35543833,-4926499.18093326,2871.80153636249,4612.37006737907,4702.71146104944,
41880,5926506.39132431,1711687.72118179,-4636785.25784285,2567.8604867152,4530.49513384544,4951.91249926976,
41940,6071255.47700665,1980706.75863208,-4332578.22050277,2255.84315760406,4434.47104844295,5185.68813719761,
42000,6197065.45475596,2243547.11044301,-4014825.99660221,1936.72084721324,4324.59160274859,5403.29967545652,
42060,6303539.76656839,2499387.37072587,-3684519.35382743,1611.48861863035,4201.19458103742,5604.05823800622,
42120,6390342.19232912,2747427.69741035,-3342688.83600898,1281.16213544857,4064.66081975261,5787.32721980412,
42180,6457197.98864138,2986892.36256645,-2990401.5587692,946.774411753271,3915.41308834279,5952.52452108255,
42240,6503894.83108038,3217032.23130124,-2628757.87721139,609.372512158736,3753.91483150697,6099.12458306378,
42300,6530283.55712062,3437127.16128443,-2258887.9368405,270.014207582603,3580.66878096583,6226.66024681124,
42360,6536278.70696179,3646488.31502392,-1881948.11800537,-70.235419952049,3396.21543487489,6334.72444426841,
42420,6521858.85862502,3844460.37675672,-1499117.3841329,-410.30744159192,3201.13139703371,6422.97170895367,
42480,6487066.7533507,4030423.6653482,-1111593.5456282,-749.132601351465,2996.02757254918,6491.11947214448,
42540,6432009.20901678,4203796.13491337,-720589.452589105,-1085.6448593135,2781.54723094644,6538.94914214837,
42600,6356856.82037742,4364035.25523678,-327329.128997363,-1418.7849555718,2558.36393451031,6566.30697476573,
42660,6261843.44476685,4510639.76352854,66956.1385269021,-1747.50399600947,2327.17931900577,6573.10471038585,
42720,6147265.47266824,4643151.27844383,461031.741839999,-2070.76702692851,2088.72072440098,6559.31992188287,
42780,6013480.88642175,4761155.76860602,853663.703627948,-2387.55650475186,1843.73872927236,6524.99604706804,
42840,5860908.11531742,4864284.8724601,1243622.62468654,-2696.87562294785,1593.00466711993,6470.24221265171,
42900,5690024.69226359,4952217.06786346,1629687.61685591,-2997.75162506968,1337.30808271826,6395.232925209,
42960,5501365.71035419,5024678.68466691,2010650.21008876,-3289.23914561056,1077.4540363081,6300.20748539672,
43020,5295522.08234758,5081444.75202887,2385318.21296575,-3570.42340716494,814.260311806606,6185.46902594807,
43080,5073138.61553881,5122339.67838278,2752519.5066609,-3840.42317764226,548.554642549632,6051.38328020335,
43140,4834911.91507945,5147237.76607732,3111105.75981758,-4098.39354494394,281.171969291696,5898.37718436503,
43200,4581588.12490046,5156063.5616541,3459956.05455265,-4343.52855685847,12.9517021416524,5726.93730658945,
